ID,公司名称,职位名称,学历要求,工作经验,薪资,福利,工作内容,所属行业,上市情况,公司规模,岗位职责和任职要求
5144339,重庆云易行网络科技有限责任公司,python工程师（重庆总部）,大专,3-5年,8k-15k,"六险一金,全勤奖,带薪年假,绩效奖金","后端,算法,爬虫","金融,移动互联网",未融资,150-500人,岗位职责：1、负责公司智能风控平台架构设计，开发与维护；2、负责算法设计，提升代码处理效率；3、进行程序单元、功能的测试。任职要求：1、本科及以上学历，计算机、金融工程，数学等相关专业；2年以上Python开发经验；2、有用python进行过数据分析或是爬虫程序开发经验；3、熟练使用MongoDB，Mysql，neo4j等图数据库；4、对数据结构、程序设计与算法分析有较深的功底。
5221319,重庆讯云网络科技有限公司,python工程师,本科,3-5年,8k-15k,"职位晋升,靠谱团队,周末双休,弹性工作",后端,数据服务,未融资,150-500人,"职责描述：1．参与公司核心系统项目的开发工作；2．能够根据项目的实际需要，进行技术方案的分析、选型；3．保证系统稳健，代码质量，持续提供改进性建议并且实施。任职要求：1. 本科以上学历，3年以上相关工作经验;2. 良好的英文读写能力；3. 精通Python脚本语言，有独立设计网页架构并实现的经验；4. 熟练Linux开发环境,有良好编程习惯和文档编写习惯；5. 在工作中具有主动性，具备良好的学习能力，开创性思维和应变能力"
5344137,重庆大邻盟科技有限公司,go,大专,不限,9k-15k,涨薪快，福利好，团建频繁,"后端,Golang",O2O,天使轮,15-50人,"岗位职责： 1-负责平台研发工作（PC、API）； 2-平台高可用、高性能服务架构设计与调优； 技能要求: 1-丰富的web系统设计开发经验，熟悉常用设计模式； 2-熟悉GOlang,至少熟悉一种web框架：gin、beego、echo、 3-至少熟悉一种其它服务端脚本语言，如Python、PHP、Nodejs等； 4-优秀的数据库设计优化能力，Mysql和MongoDB至少精通其中一种，熟悉redis优先； 熟悉linux常用bash命令； 5-较强的逻辑思维能力，较强的产品意识，良好的沟通协调能力，良好的团队合作精神； 6-具备良好的团队合作精神，高度的责任感，善于沟通，为人踏实，抗压能力强，拥有严谨的工作态度；"
5056998,北京中位科技有限公司重庆分公司,大数据开发工程师,本科,3-5年,10k-20k,"五险一金,周末双休,零食饮料,健身","Spark,数据分析,Hadoop,数据处理","移动互联网,数据服务",不需要融资,50-150人,任职资格：1、计算机相关专业本科及以上学历； 2、熟悉Hadoop、HDFS，MapReduce，Hive等开源分布式系统； 3、熟悉Spark、SparkSQL、SparkStreaming、Storm等框架；4、熟悉python、shell、java等中的1种以上 ；5、3年以上工作经验，至少有1年大数据开发或分析经验； 6、有持续学习的能力；喜欢开源软件，乐于知识分享；对工作认真负责；可以独立承担较大工作压力；7、有物联网经验优先。 岗位职责：1、使用大数据相关的技术(Hive、hadoop、hdfs）解决业务相关问题； 2、理解 HDFS 体系架构，并能给予Hive、HDFS、python、R、Spark、Zeus等工具构建离线系统； 3、利用大数据平台实现对数据的分析和处理； 4、负责各类离线系统的业务调研，并与公司其他部门负责沟通协调；5、负责离线系统中数据处理工作（数据采集、清洗、汇总、集成等）；6、负责协助完成离线系统中数据上下层衔接处理工作； 7、负责各类离线系统的开发、部署等工作； 8、负责各种高并发场景解决方案；8、具有良好的逻辑思维能力，可以独立承担工作压力，善于学习，与团队沟通无障碍 。
5268292,重庆邂智科技有限公司,前端工程师,本科,3-5年,6k-12k,五险一金、带薪年假、周末双休、补助,前端开发,移动互联网,A轮,15-50人,职责描述：1、负责产品的前端的技术方案选型与设计； 2、Web前端表现层及与后端交互的设计和开发； 3、对用户体验和前端性能有很敏感的把控和优化手段，解决各种浏览器的兼容性问题 ； 4、具有文档撰写、code reivew和单元测试，确保项目的进度和质量能力； 5、注前端前沿技术研究，通过新技术服务团队和业务； 任职要求：1、精通各种Web前端技术和标准(Javascript/ES6、HTML/HTML5、CSS/CSS3)，熟悉页面架构和布局，对表现与数据分离、Web语义化等有深刻理解； 2、具备React/Vue.js/AngularJS等至少一种主流前端框架的使用经验，熟悉前端常见工具库和框架，熟练掌握NodeJS、webpack、gulp、less、sass等前端开发工具，对于前端性能、前端安全、自动化测试等有实际应用或处理经验； 3、对前端工程化与模块化开发有一定了解; 4、熟悉一门非前端的语言（如Java/C#/PHP/C/C++/Python/Ruby），并有实践经验尤佳； 5、具备良好的团队协作精神，能利用自身技术能力提升团队整体研发效率，提高团队影响力； 6、对技术有激情，喜欢钻研，能快速接受和掌握新技术，有较强的独立、主动的学习能力，良好的沟通表达能力和团队协作能力。
5159483,重庆紫光华山智安科技有限公司,算法工程师,本科,3-5年,15k-25k,"技术大牛,团队氛围,薪资福利优","图像处理,深度学习",人工智能、生活服务,不需要融资,500-2000人,工作职责： 1、负责安防方向图像、机器学习和深度学习算法的研发和相关工作； 2、图像内容识别、物体检测和跟踪、图像语义分割等模型研发； 3、推动算法在实际应用领域的性能优化和落地。 任职要求： 1、知名院校优秀本科生及硕士以上学历，数学、物理、计算机视觉、信号处理、自动控制等专业优先； 2、具有扎实的数学、模式识别、计算机视觉、图像处理理论基础和软件编程经验； 3、在学校从事过数学、图像、机器学习方向课题研究和相关比赛经验者优先； 4、精通C/C++/Python开发语言编程； 5、英语较好，能直接阅读英文科技论文； 6、肯干事、能吃苦。有较强自主学习和动手能力、及时跟进业界技术更新，良好的分析问题、解决问题、团队沟通能力.
5316063,北京奇艺世纪科技有限公司,运维开发工程师-校招,本科,应届毕业生,4k-8k,"开发,与大咖共事",,"广告营销,文化娱乐",上市公司,2000人以上,工作内容1、参与内部装机系统开发；2、参与内部网络自动化系统开发；3、参与内部流量分析系统开发；4、以上系统主要用到 golang、vue、css、html、bootstrap等技术。 岗位要求1、了解开源项目，使用过Git/Github；2、使用过Python，golang；3、熟悉CSS、HTML、JS，了解相关前端框架（VUE、React）；4、熟悉linux系统和ANSIBLE自动化部署，熟悉容器技术更佳5、学习能力强，自我驱动。工作时间9:00-18:00  周末双休
5117396,重庆誉存大数据科技有限公司,大数据开发工程师,本科,1-3年,8k-16k,"五险一金,周末双休,大数据,顶级团队","Hadoop,Spark,Scala,Storm",金融,A轮,50-150人,       1、 负责大数据的清洗，存储和管理工作；    2、 负责大数据项目的开发、维护工作；    3、 负责大数据平台各组件的性能优化工作；    4、 负责设计、开发文档的编写工作。        1、计算机相关专业，1年以上相关工作经验；    2、熟悉Hadoop、Spark、Storm、Neo4J、Kafka等框架组件，深刻理解分布式数据处理技术原理；    3、熟练掌握Python，GO，Scala等语言中的一种；    4、熟悉Linux系统和Shell脚本语言；    5、熟悉至少一种关系型数据库；    6、熟悉至少一种web框架；    7、熟悉Neo4J开发者优先。
5293360,深圳天宏迅联科技发展有限公司,业务运维工程师,本科,3-5年,6k-12k,"氛围轻松,福利多多,弹性工作,高额期权","Openstack,系统运维,监控","移动互联网,电子商务",A轮,50-150人,职位要求1.负责业务系统的上线架构设计、环境搭建、部署、管理及故障处理保障生产业务正常运行；2.负责开发、测试和生产环境的业务系统的日常维护和管理工作；3.负责各类故障和事务的应急响应和技术支持；4.负责编写并持续完善系统运维手册、部署文档、性能参数说明，有良好的工作流程和文档制定撰写习惯；5.负责所有业务平台的性能优化和安全加固工作；6.负责数据备份、数据监控、应急响应、故障排除、编写数据分析报告等。任职资格1、熟悉各种Linux发行版本，精通linux各种常用的服务的运用；2、精通Shell或Python等编程脚本 ，至少精通一门编程语言；3、精通Linux操作系统的维护及日常管理工作，具备服务性能调优、安全监测、故障处理能力；4、熟悉Nginx、HAproxy、keepalived、lvs的安装配置调优；5、熟悉互联网基础组件MySQL、MongoDB、Redis、Zookpeer、Kafka的安装配置调优；6、熟悉常用CI/CD工具jenkins、gitlab-ci优先；7、熟悉ELK等开源日志平台的建设；8、熟悉运维工具:zabbix、ansible、saltstack；9、3年以上大型平台运维工作经验。
5332498,中冶赛迪重庆信息技术有限公司,机器视觉系统开发工程师,本科,1-3年,10k-15k,世界500强央企 大平台,,移动互联网,不需要融资,150-500人,1、根据机器视觉产品需求，选择合适的相机、光源、镜头和防护，制定相应光学方案；2、负责机器视觉产品电气部分的开发设计，保证图像的采集和传输。3、指导现场视觉部分的安装和技术确认，参与系统调试和程序编制。4、参与视觉项目可行性研究、分析及计划的制定。1、机器视觉或相关工作经验优先考虑，了解常规电控系统中的通信方法和原理。2、熟悉autocad，solidworks等，能进行电气图纸设计和简单的机械设计。3、熟练掌握c++和python语言，有相关的项目开发经历，有windows和linux开发经验；4、熟悉PLC控制和工业控制系统开发，有自动化设备软件开发经验者优先。
4850269,重庆忽米网络科技有限公司,高级JAVA工程师,本科,5-10年,12k-15k,"五险一金,周末双休,绩效奖金,餐补话补",,"电子商务,移动互联网",未融资,2000人以上,"岗位职责：1、根据产品需求，负责后端应用服务的模块设计和开发，并参与部分架构设计；2、负责产品的框架研发以及相关产品线的分析与设计以及开发；3、负责与初级和中级程序员以及外部供应商的研发人员进行技术沟通与协同。任职要求：1. 全日制大学本科以上学历， 计算机或相关专业；2. 5年及以上Java开发经验；3. 在网络、操作系统、程序语言、算法、数据结构、数据库等方面具备一定理论基础；4. 深入理解JVM、Java设计模式、OO思想， 在Java内存管理、性能调优、并行开发等方面具相当经验； 精通Java Web 编程； 能够编写多线程、socket，IO等相关的高质量代码，熟悉Java单元测试； 5. 熟悉掌握spring、springmvc/struts、mybatis/hibernate等框架基础原理，精通其中至少一套组合的应用开发；6. 熟悉tomcat、webLogic、websphere等主流应用服务器之一；7. 熟悉MySQL，SQL SERVER，ORACLE 之一，具有良好的sql编写和优化能力；8、精通B/S结构，掌握JS,JQuery,json,ajax等技术。9. 具分布式系统开发经验， 熟悉负载均衡、缓存、消息等相关机制。 精通 redis， nginx, kafka，zookeeper、分布式mysql其中一项或数项者优先；10. 具微服务经验， 熟悉spring cloud 或者dubbo者优先；11. 同时掌握其他主流开发语言者优先，包括并不限于： C++、C#、Python、Node.JS;12. 有大型、超大型互联网应用平台设计、开发经验者优先。对手机端APP开发亦有一定程度了解、甚至熟悉者更佳；13. 有金融类、钱包类、支付类、电子商务类项目核心功能开发的优先。14.有数据开放平台或者其他大型项目核心功能开发经验者优先"
4271105,特斯联（北京）科技有限公司,PHP开发工程师,本科,3-5年,10k-15k,"五险一金,签劳动合同,大平台,有保障","Java,MySQL","移动互联网,硬件",B轮,150-500人,1、参与系统功能的需求沟通与分析；2、根据业务需求设计技术实现方案；3、负责后端业务模块开发、API接口开发、技术文档编写；4、负责系统的持续迭代和优化；5、参与后端技术架构的设计和优化。岗位要求：1、3年及以上PHP开发经验；2、熟悉Java、Python、Golang中的一种或几种语言；3、熟悉Mysql和Nosql数据库，熟练掌握数据库结构设计以及数据库性能优化方法；4、熟练使用Linux，熟悉Nginx配置和优化；5、熟悉HTTP协议，及TCP协议，并有相关的服务器开发经验；6、了解常见的系统安全问题和防护方案；7、有一定的Web前端开发能力；8、熟练使用GIT，对代码质量有严格要求，重视Code Review，良好的编码习惯和严格的编码规范；9、较强的逻辑思维能力，学习能力强，有较好的沟通能力，能迅速融入团队。
3841995,铁皮（重庆）网络科技有限公司,全栈开发工程师,本科,3-5年,8K-12K,我们期待做一个汽车类的星巴克空间,"软件开发,SAAS",生活服务,未融资,少于15人,"职位诱惑：平台大,机会多,福利好,团队氛围佳职位描述：岗位职责：负责公司各种技术难点攻克以及各种折腾，只有你想不到，没有你做不到岗位要求：1. 技术热情，超强的学习能力、自我驱动2. geek精神，full stack很自然，喜欢折腾3. 熟练运用一门编程语言，并能快速的切换实现语言（go、c++、java、php、python、scala）4. 有产品sense，对产品、设计有自己的理解5. 充满好奇心，有专研精神，对新鲜事物有浓厚的兴趣【我们能给你的】1.基本月薪+绩效奖金+公司年终奖+项目组年终分红+生日节日福利+年底12天带薪年假2.弹性上下班、不打卡3.创业or合伙人意向欢迎 【我们的特别之处】1.不Care你的学历 不介意你的经历，有胆你就放马过来(｡˘•ε•˘｡)2.年满18周岁，充满对工作的热情且积极主动，come on 小伙伴们，一起为新互联网时代而奋斗吧！"
2211812,重庆允升科技有限公司,JavaScript,本科,3-5年,10k-18k,平台大 福利好 大牛多 技术氛围好,HTML,"电子商务,企业服务",A轮,50-150人,1、负责web端、移动端JS开发；2、负责常用JS组件封装；3、对接服务端API，展示产品相关数据；4、参与项目需求分析，能给出良好解决方案；5、持续优化，以提高前端的用户体验。1、本科及以上学历，具有3年以上JS开发经验；2、精通HTML5、CSS3、JavaScript等Web前端开发技术；3、精通Ajax、DOM、XML、JSON等相关技术，能使用原生JS编程，精通面向对象4、熟悉移动端主流浏览器的适配，对Android与iOS等不同平台的html5页面适配充分了解；5、有前端架构经验，能够在规范、框架、资源管理、研发流程等方面做技术决策；6、至少熟悉一门非Web前端脚本的语言（如Java、PHP、Python）；7、有较强的自学能力和钻研精神，有良好的抗压能力，适应创业公司的快速节奏。
5302311,深算科技（重庆）有限公司,AI-算法工程师,大专,不限,5k-8k,AI、算法工程师,人工智能,"数据服务,硬件",未融资,15-50人,岗位职责：1.、负责系统运行问题定位、判断、分析工作。2.、形成电子和纸质文档。3.、配合团队其他成员和模块，完成模块功能。任职要求：1、精通python常用数学库，熟悉linux系统。2、具有python大数据开发经验优先。3、 熟悉tensorflow、caffe等机器学习框架，了解机器学习。4、具有敏锐的分析、判断能力，优秀的表达沟通能力。5、无学历、性别排除身体健康状态以外其他要求是。
5293369,深圳天宏迅联科技发展有限公司,运维工程师,本科,5-10年,8k-16k,"氛围轻松,福利多多,弹性工作,高额期权","系统运维,网络安全,监控","移动互联网,电子商务",A轮,50-150人,岗位职责：1、负责公司运维部门运维体系的建立和实施；2、负责完善运维服务流程和标准，建立系统化运维流程与相关文件；3、负责公司云服务器及网络的设计、优化，保障业务正常运行；4、负责完善运维监控体系、数据库维护体系；5、保障公司项目运维安全，处理运维事故，降低系统风险；6、对项目运维质量把控，减少运维突发故障以及降低对业务造成的影响；7、推动运维工作价值输出，提升运维质量。8、具有优秀的自主学习能力，自我管理能力，具有高度责任心。任职资格：1、计算机网络或计算机相关专业，全日制本科以上学历；2、有3——5年以上运维经验；3、精通Linux操作系统以及云服务器维护、网络的安全监控 、系统性能管理和调试、网络性能管理；4、熟悉Shell、或Python语言；5、熟悉Mysql、Mongodb、Redis等常用数据库，并对高可用性设计有一定研究与认识；6、熟悉运维自动化，常用CI/CD工具jenkins运用。7、熟悉Puppet，Ansible等自动化配置部署。有DevOps文化，并在此方面有实战经验优先；8、有应用系统的体系架构以及设计和实施系统的安全、分布架构、集成经验；9、良好的管理能力、沟通能力、团队精神和服务意识，能很好地组织并实施技术相关工作；10、具备面对压力，较好的解决问题能力；11、有OpenStack实施和运维经验优先；
5344178,重庆大邻盟科技有限公司,后端开发,大专,不限,9k-15k,涨薪快，福利好，团建频繁,"GO,Golang",O2O,天使轮,15-50人,"岗位职责： 1-负责平台研发工作（PC、API）； 2-平台高可用、高性能服务架构设计与调优； 技能要求: 1-丰富的web系统设计开发经验，熟悉常用设计模式； 2-熟悉GOlang,至少熟悉一种web框架：gin、beego、echo、 3-至少熟悉一种其它服务端脚本语言，如Python、PHP、Nodejs等； 4-优秀的数据库设计优化能力，Mysql和MongoDB至少精通其中一种，熟悉redis优先； 熟悉linux常用bash命令； 5-较强的逻辑思维能力，较强的产品意识，良好的沟通协调能力，良好的团队合作精神； 6-具备良好的团队合作精神，高度的责任感，善于沟通，为人踏实，抗压能力强，拥有严谨的工作态度；"
4715977,特斯联（北京）科技有限公司,软件工程师-系统平台,本科,5-10年,10k-20k,大平台,"系统集成,Java","移动互联网,硬件",B轮,150-500人,
5321688,重庆巨鹿网络科技有限公司,Devops开发工程师,本科,3-5年,8k-12k,团队合作双休如有加班另有加班工资,"Java,系统架构","移动互联网,电子商务",不需要融资,15-50人,"岗位职责： 1、开发、测试和生产环境的搭建、配置、监控和排错；2、CICD工具链和流程的搭建和维护；3、负责DevOps平台开发；4.以优化和维护自动化流程为主要使命； 5.负责公司的DevOps平台建设，以及全链路持续集成、持续交付策略的定义与实现； 6.负责测试开发环境标准化、容器化改造； 7.负责持续集成、持续交付、持续部署技术体系的研究与平台化实现； 8.负责分层测试开发，含Web层、接口层、数据层、性能等； 9.负责参与产品的可测试性评估，参与产品测试技术文档积累。任职要求： 1、有一定的后端开发经验； 2、熟悉Linux的常用命令和系统管理及网络配置；3、精通至少一类后端编程语言（JAVA）； 4、熟悉各类Mysql，Redis，Kafka，Mongo等常用开源软件的使用和运维。5、优秀的沟通协作能力、分析解决问题能力和学习能力； 6、有微服务或分布式的软件架构设计、开发和运维经验，能快速定位和调试问题； 7、 熟悉 docker、kubernetes 及相关云原生系统的优先；8、熟悉shiro,zabbix,redis,mangodb,gitlab,jenkins,openstack,,saltstack,spark,haddoop,maven,gradle,npm9、熟悉shell编程,python编程"
4882867,深圳市天彦通信股份有限公司,数据ETL研发工程师,本科,3-5年,10k-15k,数据ETL,"SQLServer,Spark",数据服务,不需要融资,150-500人,"岗位职责：1、负责大数据平台数据仓库、ETL模块建模及设计开发； 2、负责需求搜集、数据分析并参与设计数据制作； 3、负责调度及数据质量的检测和监控，形成数据反馈优化。任职要求：1、本科以上学历，3-5年数据仓库ETL设计及开发经验，精通数据仓库逻辑架构、元数据管理、数据质量监控等数据仓库主要环节，有BI经验者优先； 2、精通SQL, Hive SQL，SparkSQL优先; 熟悉Java或Python编程,有相关语言大数据开发经验者优先； 3、能够熟练应用一种或多种主流数据库（如：Teradata、Greenplum、SQL Server、Oracle、MySQL等）； 4、至少掌握一种主流ETL以及调度工具，例如Oozie、Azkaban、AirFlow、Sqoop、Flume、Logstash等，有相关功能扩展开发者优先； 5、掌握主流大数据数据处理框架优先，如Spark, Flink, Storm； 6、有较强的性能优化及问题排查、解决能力；对开源技术非常感兴趣并具有一定的研究能力。员工享有：1、五天7.5小时工作制，按国家规定休假制度；2、社会保险及公积金，多倍月薪年终奖金；3、生日、结婚、生育、端午、中秋节日现金福利；4、年度旅游、全体省外、一周时间；5、优秀员工可享受股权激励；6、良好的团队氛围，全面的人性关怀，充分的信任与授权；7、公司团队快速扩大中，健全的培养体系，广阔的个人发展空间。工作地址重庆市鸳鸯地铁站旁融科金开中心2-1栋26全层                                                                                                                       "
5096510,北京奇艺世纪科技有限公司,运维开发工程师,本科,3-5年,10k-15k,"六险一金,带薪年假,开发,与大咖共事",Linux,"广告营销,文化娱乐",上市公司,2000人以上,岗位职责：1、参与内部装机系统开发；2、参与内部网络自动化系统开发；3、参与内部流量分析系统开发；4、以上系统主要用到 golang、vue、css、html、bootstrap等技术。岗位要求：1、了解开源项目，使用过Git/Github；2、使用过Python，golang；3、熟悉CSS、HTML、JS，了解相关前端框架（VUE、React）；4. 熟悉linux系统和ANSIBLE自动化部署，熟悉容器技术更佳5、学习能力强，自我驱动。
5259042,重庆盘古美天物联网科技有限公司,运维工程师-美天停车,本科,5-10年,8k-16k,"五险,双休,年终奖,免费午餐","Linux,IT支持,Web安全","移动互联网,金融",不需要融资,2000人以上,"岗位职责：1. 负责测试、生产环境系统的运维、监控、故障解决、性能和优化，保障生产环境的稳定。2. 优化与提升生产环境的系统性能。3. 运维自动化平台建设。4. 规划和实施微服务应用向Docker的迁移。5. 积累和规范化运维文档。6. 负责7*24小时响应处理各类系统问题的报障。任职要求：1. 有AWS、阿里云、腾讯云的使用经验。2. 精通并理解Linux操作系统、体系结构; 3. 精通LVS/Haproxy、Nginx、JVM、Tomcat、Varnish/Squid、Bind、Mysql、Redis等应用群集的配置和优化；4. 熟练掌握掌握Shell、Python、Ruby等脚本中的一种或几种，可以使用脚本完成自动化工作；5. 精通ganglia/zabbix监控管理工具，有二次开发经验优先；6. 熟悉主流的版本控制工具，例如：Svn/Git，可以根据项目需求规划制定版本控制的使用规范；7. 熟悉基于Docker/K8S在阿里云平台上的计算和服务化；8. 熟悉常用的CI/CD持续集成/持续部署工具，例如：Jenkins；9. 熟悉ElasticSearch,、Logstash、 Kibana、rsyslog、Filebeat；10. 熟悉基于Spring Cloud或者Dubbo的微服务架构；11. 熟悉或有过基于Django服务框架的开发者优先考虑；12. 具备大规模、高可用集群的运维规划设计与实现经验；13. 责任心强，积极主动，有良好的沟通能力和团队合作能力。"
4725965,重庆市由来科技有限公司,大数据开发工程师,本科,1-3年,8k-16k,"高能力,高收入,重发展","Hadoop,数据挖掘,数据分析","移动互联网,数据服务",未融资,15-50人,1、负责定位和解决集群组件如HDFS、Spark、Hive、HBase等的功能、性能和高可用等问题； 2、负责基于大数据的用户行为分析、用户轨迹分析、深度学习算法的学习和研究； 3、协助基于大数据的项目预研和开发。 任职要求： 1、本科或以上学历，数学、统计学、计算机、软件工程等相关专业；2、3年以上传统软件开发经历；1年以上大数据开发经历； 3、熟练使用Python、Java、C/C++等主流开发语言中至少一种； 4、熟悉Mysql、Oracle、SQLServer等关系数据库； 5、熟悉Hadoop、Spark等主流大数据框架； 6、熟练掌握常见Linux shell命令； 7、较强的学习、逻辑思维和沟通能力；良好的英语阅读能力；积极主动，思维活跃；8、能接受全国范围短期出差，出差周期一般为1个月左右；9、有大数据相关项目开发或者学习经验者优先；
4359820,重庆星坛科技有限公司,高级PHP开发工程师,不限,3-5年,15k-20k,"团队合作,自主研发",Java,移动互联网,不需要融资,150-500人,"岗位职责：  1. 游戏平台管理系统开发；  2. 负责项目的模块设计、实现、文档编写、bug修改；  3. 对现有程序进行bug修复、 改进；  4. 对现有系统进行架构升级，以提升：数据实时性、负载能力、查询效率、强壮度、可维护性，以及对商业模式的支持，例如代理商查询后台岗位要求：  1. 熟练使用PHP，有长期的PHP开发经验；  2. 有架构思维，良好的模块设计能力和技术文档编写能力；  3. 熟练掌握关系式数据库，表结构设计、sql性能调优；  4. 具有团队精神和敬业精神，良好的沟通能力和独立解决问题的能力；  5. 本科相关专业学历或3年以上开发经验加分项目:  1. 熟悉多种语言, 例如: golang、ruby、python、javascript(node)，并使用这些语言开发过项目；  2. 熟练使用linux系统；  3. 在github上有原创个人项目；  4. 有游戏平台或ERP类型项目开发经验；"
4066535,重庆迅游科技有限公司,运维工程师,大专,3-5年,7k-12k,"五险一金,带薪年假,餐补交补,年终奖",Linux,"移动互联网,游戏",不需要融资,150-500人,"岗位职责:1、负责公司业务服务器，云平台服务器基础运维架构搭建。新技术和方案进行调研，评估和引进，用技术去满足业务发展需求。2、要求熟悉各云平台产品，能熟练使用，配置。3、监控各业务应用系统，及时响应故障告警，排查问题并修复问题。4、对CC,DDOS类攻击，防御，处理有一定经验，并能提出具体解决方案。5、积累运维相关技术，制定运维规范，并实现文档化。任职要求:1、有良好的工作态度与团队合作精神，工作认真负责，责任心强。2、3年以上大型网站或网络游戏服务器的管理维护经验。3、熟悉TCP/IP、路由、交换理论，能够对网络设备进行基础配置。4、熟悉常见操作系统（Windows Server，Linux）安装，配置，优化。5、深入理解LVS,Haproxy,Nginx/Tengine原理和优化。6、熟悉使用常用开源软件，(ELK/Zabbix/Ansible/MySQL/MSSQL/Redis/MongoDB等)。对MSSQL集群，MySQL读写分离/高可用，有实际项目经验。7、具备应对各类攻击，如CC/DDOS等攻击，防护能力，并能提出具体解决方案。8、具备Python语言开发能力，熟悉shell脚本。能够独立完成自动化运维平台的开发，如监控、部署、配置，发版等。9、熟悉游戏业务逻辑，系统架构，并能对游戏系统架构进行优化。10、有较强的抗压能力、沟通能力、推动能力和较好的服务意识。11、能够接受一定程度的出差。"
3442209,重庆允升科技有限公司,算法工程师,硕士,3-5年,15k-25k,"平台大,技术氛围好,股权激励,带团队","Java,Scala,PHP,机器学习","电子商务,企业服务",A轮,50-150人,工作职责：1、参与推荐系统算法设计、系统实现以及部署实施；2、负责中文文本的NLP算法研究和工程实现；任职要求：1、计算机或相关专业本科以上学历，3年及以上相关工作经验；2、熟悉常用的机器学习算法(如SVM/LR/GBDT等)，并能针对不同的场景(如分类、聚类、推荐等)使用不同的算法，具有推荐系统、精准广告、搜索等方面的实际工作经验；3、熟悉n-gram分析、分词、新词发现、LDA、word2vec等，有相关的工程开发经验；4、 熟练掌握至少一种编程语言，Java、C++、Python等；5、做事严谨踏实，责任心强，有良好的团队合作精神和沟通协调能力。
4878148,完美世界（北京）网络技术有限公司,数据工程师(4173),本科,1-3年,10k-15k,"五险一金,员工食堂,免费健身房","MySQL,Java,算法",移动互联网,A轮,2000人以上,1.负责对各类数据的重构、异构2.根据项目需求，批量数据处理和导出3.爬虫开发4.数据解析工作，从海量网页里做数据抽取并入库5.学习 Spark + Hadoop 的大数据处理平台，负责对各类日志、数据进行批量或实时流处理，输出到运营中心或推荐、搜索系统1. 本科及以上学历2. 良好的计算机及算法基础、积极主动、热爱编程，能吃苦，能承受压力3. 熟悉掌握 Java 或 Python 语言4. 了解面向对象编程5. 有数据库经验（例如MySQL、Redis等）优先
5332526,中冶赛迪重庆信息技术有限公司,深度学习算法工程师,硕士,3-5年,10k-20k,世界500强央企 大平台,,移动互联网,不需要融资,150-500人,"工作职责：1、研发高质量的计算机视觉和深度学习算法，包括但不限于目标检测、目标识别、目标跟踪、目标定位。2、负责影像数据的标注方案设计和质量检查。3、支持公司视觉相关产品的研发。任职资格：1、在深度学习、计算机视觉等方面有较深入的研究；2、具有良好的编程、工程实现和调优能力,熟练掌握c/c++,Python。3、了解深度学习的进展,熟悉MXNET,TENSORFLOW,CAFFE等至少一种深度学习框架,有GPU上模型训练的经验。4、熟悉物体(人脸、人体、通用目标)检测、跟踪和识别的基本算法,熟悉相关的开源项目。"
5218358,北京数起科技有限公司,前端开发工程师,本科,1-3年,6k-8k,"五险一金,项目提成,发展机遇",Web前端,移动互联网,A轮,50-150人,岗位职责：1、根据产品经理的关键需求进行前端架构设计工作；2、承担前端核心模块的设计、实现工作；3、承担主要前端开发工作，对代码质量及进度负责；4、参与进行关键技术验证以及技术选型工作；5、和产品经理沟通并确定产品开发需求；6、与后台开发工程师配合，完成开发任务和上线；任职要求：1、统招本科及以上学历，计算机相关理工科专业，3年左右相关经验；2、精通HTML、CSS、JavaScript语言，了解HTML5、CSS3的新标准，熟悉JQuery类库，熟练使用一到两种前端调试工具；3、至少熟练使用过Vue、React、AngularJS其中一种JS框架；4、掌握至少一门非前端开发语言（如PHP/Java/Python/Ruby等），并有一定的实战经验；5、深刻理解Web标准，对前端性能、可访问性、可维护性等相关知识有实际的了解和实践经验；6、工作积极主动，具有很强的学习能力、对新技术的追求精神、良好的团队合作精神和沟通能力；
447764,重庆誉存大数据科技有限公司,数据工程师,本科,1-3年,8k-16k,大数据，顶级团队，硅谷公司文化,,金融,A轮,50-150人,岗位职责：1、完成各种数据的清洗和分析建模2、机器学习算法调优3、负责数据平台API的开发、设计和维护4、将模型应用到产品当中，并根据产品需求优化模型 任职资格：1、专业&基础：计算机、统计学、数学等相关专业，有较强的算法理论基础2、语言&工具：Ø  掌握常见的机器学习算法Ø  熟悉Linux开发环境，至少熟悉Python/Java/scala其中一种语言Ø  熟悉PostgreSQL/MySQL数据库Ø  熟悉git/svn代码管理工具Ø  熟悉Hadoop/Storm/Spark/HIVE/Hbase等分布式开源项目及其工作原理，并有实际开发经验Ø  熟悉Web API开发流程（中级以上）Ø  熟悉常见的基于深度学习的自然语言处理技术3、其他要求：Ø  具备良好的沟通能力和团队精神，有独立开展研究项目经验Ø  较强的表达和沟通能力，工作认真、严谨和敬业目前公司处于快速发展期，提供良好的福利待遇：1、五险；2、每月团队聚会活动；3、每周篮球足球羽毛球等体育活动；4、弹性工作制；5、提供零食点心；6、提供带薪假期约妹子！
4715859,特斯联（北京）科技有限公司,软件工程师-Web后端,本科,5-10年,10k-20k,大平台,"Golang,Node.js,Python","移动互联网,硬件",B轮,150-500人,"职位职责：  1、负责 WEB 后端服务程序的研发和编写；2、和前端工程师和 BI 工程师配合，商定数据接口，提供数据可视化支持。 职位要求：  1、有服务监控系统开发相关经验；2、2年及以上 WEB 后端工作经验；3、精通 TCP/IP, HTTP 协议，以及 RESTFUL 规范；4、基础扎实，有良好的逻辑思维能力，并熟练一到两种后端语言（Golang / Python / Java），拥有良好的代码书写习惯；5、熟悉 Linux/Unix 系统与开发环境；6、熟悉 MySQL 、 MongoDB、Git/GitHub、Nginx。【加分项】1、熟悉 Go 语言、Python语言；2、GitHub project star 100+ 以上；3、参与过开源项目。"
5037916,重庆大邻盟科技有限公司,golang,本科,不限,9k-15k,饮料 年底奖金  五险,"Linux/Unix,PHP",O2O,天使轮,15-50人,
5180391,重庆玖舆博泓科技有限公司,大数据开发工程师岗位,本科,3-5年,8k-12k,"五险一金,团队旅游,节假日福利,大数据",数据库,"数据服务,其他",未融资,50-150人,岗位描述 1、参与百亿数据级平台的架构设计和开发； 2、在线和离线海量数据分析平台的开发； 3、研究大数据前沿技术，优化系统平台，提升系统的运行效率； 4、实现大数据基础架构平台（Hadoop/Spark/MPP DB）的系统设计、脚本开发、维护等工作任职要求 1、5年以上开发经验，3年以上大数据开发经验，至少熟悉一种编程语言（Python/Java/Scala）； 2、能够独立搭建企业级大数据的环境、包括hadoop、hive、spark和yarn等开源框架;熟悉分布式系统概念、架构，有大规模分布式系统设计、实现、部署等经验3、熟悉HDFS/HBase/Hive/SPARK/MapReduce，掌握HSQL、SPARK SQL的程序开发，有流计算、Scala计算实施经验者优先；4、熟悉hadoop平台下的数据调度和ETL框架；综合素质： 1、强烈的责任心与求知欲，开源社区的活跃贡献者优先； 2、有良好的沟通表达、独立思考和解决问题的能力； 3、有团队合作意识，做事积极主动，热爱学习；4、能适应中短期出差； 5、电信行业或者通信领域项目背景者优先；公司网址：www.9ebang.com
2843838,重庆允升科技有限公司,系统运维工程师,本科,3-5年,12k-20k,"快速成长,晋升双渠道,技术氛围好,福利完善",Linux,"电子商务,企业服务",A轮,50-150人,工作职责：1、负责运维架构和网络安全；管理监控和调度；2、负责应用系统的性能分析与优化，不断提高系统运行效率；3、负责产品业务的现网故障处理，定位并解决网络、硬件、操作系统及应用程序的各种异常。 职位要求：1、本科及以上学历，3年及以上系统运维经验或从事系统架构师工作经验；2、深入理解LINUX系统，熟悉网络设备的基本配置及TCP/IP、HTTP协议工作原理；3、熟悉Linux/unix下各种服务包括HAProxy、ntp、tcpdump、nginx、keepalived、postfix、raid、rsync、cacti、nagios、zabbix、iptables、ansible等应用的使用；熟练jetty、tomcat管理、配置和优化；4、熟悉shell/perl/python/php/Java任意一门编程语言；5、熟悉mysql主从及优化；熟悉mongoDB主从设置和Redis主从配置；6、熟悉分布式存储的配置与管理；7、熟悉kvm/xen任一种虚拟化产品和架设；8、熟悉常见linux文件系统和存储设备工作机制；9、具有很强的故障排查和问题解决能力；10、工作细致踏实，有较强的沟通、执行力强;11、具备互联网产品的大数据压力的服务器架构技术者优先；12、具备有预见规划能力和资深的技术能力；13、具备较强的学习能力，有DevOps经验者优先。
4434544,北京睿智融科控股股份有限公司,C++服务器开发工程师,本科,应届毕业生,5k-9k,"五险一金,带薪年假,带薪病假,周末双休",客户端,"数据服务,企业服务",不需要融资,150-500人,岗位职责：1、开发、维护、优化交易风控系统；2、开发交易风控系统相关的辅助模块，包括自动化工具等。岗位要求：1、本科及以上学历，计算机相关专业、有C++实际开发经验优先；2、精通C或C++语言，有良好的面向对象编程思想；3、具有多线程开发经验，了解同步、互斥等的基本原理和实现方式；4、熟悉TCP/IP 协议和网络编程，lua、python等脚本语言；5、具有Boost、STL开发经验优先；6、工作认真踏实，沟通能力良好，有金融行业工作背景者优先。
4051021,重庆易宠科技有限公司,Hadoop工程师,本科,3-5年,10k-15k,"五险一金,周末双休,福利多,氛围好",Java,电子商务,B轮,500-2000人,"工作描述： 1、负责Hadoop、HBase、Hive、Spark等大数据平台 规划、部署、监控、系统优化等；2、负责公司大数据平台的运维管理工作，集群容量规划、扩容及性能优化；3、处理公司大数据平台各类异常和故障，确保系统平台的稳定运行；4、设计实现大规模分布式集群的运维、监控和管理平台；5、深入研究大数据业务相关运维技术，持续优化集群服务架构，探索新的大数据运维技及发展方向； 任职要求:1、3年以上工作经验，精通Hadoop、Hbase、Hive、Spark，具有完整项目实战经验，熟悉分布式计算实施过程中的各种问题。2、熟悉Hadoop大数据生态圈，包括但不限于Sqoop、Kafka、Flume等3、有开发经验，精通JAVA及一门以上脚本语言(shell/perl/python等),熟练掌握linux常规命令与工具;加分项：1、熟悉Apache Kylin或者其他OLAP系统2、有数据仓库实施及管理或数据挖掘经验者3、对数据仓库和数据挖掘理论感兴趣且有一定深度的研究4、熟悉阿里云的大数据方案"
5221596,重庆久速科技有限责任公司,急聘+运维开发工程师,本科,1-3年,6k-8k,"五险,双休,年终,旅游","安全,Linux,Windows","移动互联网,企业服务",未融资,15-50人,岗位职责：1、负责公司IDC数据中心网络，服务器，应用系统的日常监控和维护2、熟练配置和使用Windowsserver系列和Linux操作系统，能独立完成常见的服务器搭建配置和排障3、负责参与各应用系统的性能优化和安全加固工作4、负责各类运维管理平台和运维工具的开发和维护工作，并不断优化工具效率任职要求：1、熟悉Windows和Linux系统的各种调优方法、具备对系统环境，应用服务进行性能监控、调优能力2、精通Linux操作系统的维护及日常管理工作，具备服务性能调优、安全监测、故障处理能力3、熟悉java、golang、shell、python开发语言中的任意一种4、熟悉IPMI V2.0协议，熟悉IDC自动化安装优先5、熟悉Nginx、Redis、Apache、Mysql、Cacti、Nagios、Zabbix 等应用环境部署优化6、任职2年以上运维相关工作经验或大型业务平台超过1年经验。福利：五险+双休+旅游+节日礼+聚会+年终奖工作时间：9：30-18：00
5230919,马上消费金融股份有限公司,IT-WEB开发工程师,本科,3-5年,8k-15k,"持牌机构,五险一金,餐费补助,节日福利",前端开发,"金融,移动互联网",不需要融资,2000人以上,工作职责 1、负责公司产品、项目的web前端部分的设计开发；2、web前端相关技术的研究；3、使用JavaScript熟练、准确地进行代码构建，实现产品所需的动画效果以及交互效果；4、使用HTML/CSS/XML熟练地进行页面维护；5、辅导和帮助初中级开发工程师，专业培训及团队内部分享;任职资格 1、学历要求:统招本科及以上学历，计算机以及相关专业；2、经验要求:具有3年及以上Web前端开发经验；3、技能要求:（1）具备网页编辑、调试技能，熟练掌握各种Web前端技术，包括HTML/XHTML/CSS/JavaScript/Actionscript 等；（2）熟悉各浏览器之间的兼容性问题，良好的解决问题能力和html代码编写技能；（3）熟悉使用Photoshop、Dreamweaver、Flash等常用软件；（4）至少精通一门服务器端语言（包括但不限于Java/PHP/Python等），并有项目经验；（5）熟练使用NodeJS开发或熟练使用angular/react/vue等任意一种MVVM框架，并有项目经验者优先。 4、通用要求：（1）有较强的学习能力和技术钻研能力、有自我驱动意识；（2）具备独立分析和解决问题的能力；积极主动、认真踏实的工作态度；（3）有良好的沟通能力，善于跨团队合作；（4）具备良好的编码习惯，工作态度认真，责任心强。
3526658,重庆誉存大数据科技有限公司,自然语言处理工程师,本科,3-5年,8k-16k,"学习系统化,行业前三,培养系统化,高激励","NLP,数据分析",金融,A轮,50-150人,岗位职责：1、负责对现有现有自然语言处理基础模型调优，包括分词，词性标注，实体识别/抽取，句法分析等；2、参与文本情感分析，文本分类等任务；3、参与搭建围绕企业大数据的知识图谱任务。任职资格：1、  语言&工具：Ø  具有良好的编程基础，熟悉python，有一定的项目经验；Ø  对自然语言处理相关算法有一定理解和实践经验；Ø  熟悉Linux开发环境；Ø  熟悉深度学习框架Tensorflow者优先。2、  经验&能力：Ø  对自然语言处理感兴趣，在分词，词性标注，实体抽取，文本分类等问题上有实践经验；Ø  具有良好的数学基础，能快速学习掌握新的模型算法并能应用到相关任务上；Ø  在自然语言顶级会议或期刊发表论文者优先。
4700010,深圳市锐明技术股份有限公司,后端技术带头人,本科,5-10年,20k-40k,"带团队,底层架构","Java,MySQL","数据服务,硬件",不需要融资,500-2000人,1.5年－10年相关工作经验2.精通java，熟悉Spring、Mybatis等常用框架；3.优秀的数据库设计优化能力；4.熟练掌握多线程及并发技术，熟悉分布式缓存、消息队列、RPC原理；5.扎实的计算机基础，熟悉常用数据结构和算法；6.精通linux，能熟练应用shell/python等脚本语言；7.学习能力强，有较好的沟通能力，能迅速融入团队；8.理解产品需求，有一定的系统抽象设计能力加分项目；9.热爱技术，追求卓越；富有技术前瞻性和产品嗅觉；富有创新精神，有事业心；10.有互联网、高并发、分布式项目经验
5033827,重庆学析优科技有限公司,图像处理算法工程师,本科,不限,10k-15k,"OpenC,C++,图像识别",,移动互联网,A轮,50-150人,工作内容：1、   负责图形图像定位、分割、识别算法的研究，根据业务特点优化算法；2、   研究图像特征检测的识别，包括算法实现、试验、优化等。岗位要求：1、 统招本科及以上学历，计算机相关专业优先；2、 两年及以上C/C++开发经验，熟悉OpenCV编程，熟悉计算机图形图像编程，熟悉python计算机视觉编程；3、 掌握深度学习原理，能熟练使用Tensorflow框架搭建模型；4、 集成图像处理算法到iOS和安卓App；对技术有强烈的兴趣，喜欢钻研，具有良好的学习能力，沟通技能和团队协作能力。
4706790,专注（重庆）汽车经纪有限公司,架构师/资深java工程师,本科,5-10年,15k-24k,"扁平化,双休,绩效奖金,各种福利","SOA,云计算","移动互联网,生活服务",不需要融资,15-50人,"工作职责1、深入理解业务架构和业务流程，分析业务架构风险点并改进，快速定位故障原因，保障业务高可用。2、深入分析业务的性能瓶颈，通过容量规划、性能优化等手段提升系统整体性能。职位要求1、5年以上互联网工作经验, 支持全栈开发文化;2、拥有Java业务开发经验者优先，对所负责业务的架构理解清晰;3、熟悉Linux操作系统故障分析和调优;4、熟悉Spring、JPA、MyBatis、Spring-cloud等常用框架;5、熟悉但不限于Zookeeper、Redis、ZeroMQ、Kafka、Flume等开源框架及产品;6、有高性能、可扩展、高并发、分布式系统开发、分布式事务处理经验;7、熟悉Python、JS、Shell等至少一种脚本语言;8、具有很强的技术研发和创新能力，能有效把握技术发展方向； 9、思路清晰，优势的控制与沟通能力，优秀的技术领导能力。"
4138912,深圳市晨北科技有限公司,后台开发工程师（智能应用）,本科,3-5年,8k-15k,"双休,年度体检,年度旅游,七险一金","Java,PHP",电子商务,未融资,150-500人,1、负责智能家居云后台产品的研发及相关项目的研发；2、完成后台基于服务的架构设计及应用开发；3、集成第三方云服务，如Amazon Alexa，Google assistant，IFTTT等；4、负责开放接口API的开发和维护；5、解决业务发展过程中遇到的问题，直面挑战，持续提升平台运营效率。任职资格1、本科以上学历，计算机相关专业毕业，3年以上互联网产品的开发经验，负责过大流量产品者优先；2、精通lamp、Lnmp架构，至少精通一门（php、python、nodejs）开发语言，有中大型项目经验者优先；4、熟悉数据存储技术，具有Mysql或Mongo/Redis等存储优化方面经验；5、具备一定的开发设计文档编写能力，有平台产品的开发经验者优先；6、积极主动的特质和思维习惯，有学习进步的主观意愿，优秀的团队协作意识，能承受一定的工作压力。
5332541,中冶赛迪重庆信息技术有限公司,机器学习算法工程师,硕士,1-3年,10k-20k,世界500强央企 大平台,,移动互联网,不需要融资,150-500人,工作职责：1、对基础数据进行整理清洗、统计分析等工作;2、根据工业领域的生产/设备数据，按照业务需求，设计和应用机器学习模型，并跟踪模型的持续迭代优化;3、支持机器学习模块与大数据平台的融合工作任职资格：1、 具有扎实的数学基础，熟悉常用的机器学习算法。 2、 具有良好的编程经验，熟悉掌握python、C/C++。。 3、 具有工业领域指标优化、设备故障检测等机器学习算法的项目经验。4、 具有机器学习算法的工程化部署经验。
5314113,北京神州绿盟信息安全科技股份有限公司,平台驻场工程师（重庆）-第三方(J11570),不限,1-3年,6k-10k,薪资福利待遇优,"运维,安全,Web安全,IT支持",信息安全,上市公司,500-2000人,工作职责:职位工作内容简要综述：1、负责完成现网中自有平台类/软硬件产品的日常维护管理工作。2、负责结合现网安全设备和平台给客户输出安全分析报告。3、负责与甲方项目负责人共同制定平台运营计划4、负责结合现网平台和设备配合甲方处理入侵、DDOS应急事件的分析处理。具体工作内容与职责：1、 绿盟平台类产品/安全产品的日常巡检维护使用、报表输出、故障处理、使用培训、问题与需求收集等，使客户满意度达标。 2、结合现网安全产品和平台安全日志数据，输出安全分析报告，帮助客户发现攻击威胁行为，提供持续运营。3、与客户一起完善并制定相应的安全运营计划及落地。4、跟踪反馈平台问题及需求，并完整记录，为平台产品优化提供数据支持。任职资格:1、熟悉linux操作系统，会使用python，pgsql，对restful和java有了解。 2、了解路由交换理论基础，了解TCP/IP协议基本概念 3、了解网络安全理论基础，了解攻击与防护技术基本概念 4、使用和部署过网络设备（如路由器、交换机）和安全设备（如硬件防火墙、入侵防御、漏洞扫描等），熟悉攻防技能者优先考虑。
4930893,特斯联（北京）科技有限公司,运维工程师,本科,3-5年,10k-15k,"大平台,五险一金,有保障,入职签合同","Linux,MySQL","移动互联网,硬件",B轮,150-500人,"岗位职责：1、LINUX服务器中各基础服务的日常运行维护、数据备份，日志分析，配置管理、故障应急、性能监控等；2、智慧城市平台应用系统部署、系统监控、应急响应等； 3、解决运维工作中各类故障，性能瓶颈、稳定性、安全性等相关疑难问题；4、能根据系统支持的业务情况，提出发展需要所需的各方面资源，或预警当前的问题与瓶劲所在。  任职要求:1、拥有3年以上运维工作经验，熟悉主流品牌服务器和存储；2、熟练使用SQL语言，熟悉Mysql、sql server等数据库；3、熟悉Nginx、tomcat、redis等主流开源软件的安装、配置、故障处理能力； 4、熟悉Linux命令，能够熟练使用Shell,Python等脚本语言；5、有责任心，工作踏实认真、积极主动；善于思考，学习能力强。 "
3013944,重庆允升科技有限公司,web前端工程师,本科,3-5年,10k-18k,"大牛带队,快速成长,技术氛围好,福利完善",HTML5,"电子商务,企业服务",A轮,50-150人,职位描述：1、准确理解产品需求，完成前端系统设计、开发工作；2、参与前端框架、组件的设计、开发工作；3、优化页面性能，提升产品用户体验；4、关注前端前沿技术研究，利用新技术服务团队。职位要求：1、计算机相关专业本科以上学历，3年以上前端相关工作经验；2、扎实的JS、CSS基础知识；3、至少熟悉一种前端主流框架（如：React、Vue、Angular等），并有实际的非demo性质项目经验；4、对前端工程化、模块化开发有较深入的理解，并有实践经验；5、具有良好的沟通能力和团队合作精神，具有优秀的分析、解决问题的能力；6、对前端技术有持续的热情，能充分利用自身技术帮助团队提升研发效率，提高团队影响力。加分项：1、有复杂企业后台应用开发经验；2、有数据可视化产品开发经验；3、熟悉一种及以上后台开发语言（如：Node、PHP、Java、Python等），并有实践经验。
4359845,重庆星坛科技有限公司,运维工程师（VOD）,大专,1-3年,6k-8k,"团队合作,自主研发",Linux,移动互联网,不需要融资,150-500人,岗位职责：    1、负责公司产品环境的搭建需求；    2、负责公司程序版本的发布工作;    3、独立、快速定位并解决业务中出现的问题；    4、日常系统问题收集和分析，整理系统运行报告    5、对系统运行状况进行综合分析，提出优化建议；    6、制定监控规则、优化监控实现。    任职要求：    1、计算机相关专业，大专及以上学历；    2、2年以上业务系统实施、运维支持类相关工作经验；      3、熟悉使用SQL语言，熟悉Mysql、Postgres、Redis等数据库；    4、熟悉LNMP安装、配置、故障处理能力；    5、熟悉shell/python/perl/php任意一种语言；    6、良好的协调能力、表达能力、沟通能力；      7、能适应加班和晚间值班工作，能够承受较大的工作压力;
4138871,深圳市晨北科技有限公司,开发运维工程师,本科,3-5年,8k-15k,"双休,年度体检,年度旅游,七险一金","Linux,信息安全",电子商务,未融资,150-500人,1、负责公司运维自动化方案的设计与开发，建设公司DevOps平台，包括监控系统，运维平台，自动化测试及部署，数据库，虚拟化等；2、研究DevOps新技术、工具链，推动DevOps实践落地，提升开发交付速度、效能及质量；3、为开发工程师提供一定的运维技术支持；4、参与系统架构设计、改进、优化，并实施技术方案；5、建立运维部署、安全和管理等相关标准化文档。任职要求：1、本科以上学历，计算机相关专业毕业，3年以上运维与架构经验，能力是第一位；2、3年以上开发经验，掌握Bash脚本，掌握Python/Go等一种或多种开发语言；熟练使用Linux系统，熟悉TCP/IP、HTTP、DNS等协议，有良好的网络、数据传输、安全、计算机体系结构方面的知识；3、具备体系化的运维理念与技术，有大中型集群系统的基础架构设计、性能测试和优化、可用性保障、安全等方面的经验；4、具备高可用环境的搭建及维护能力，如Haproxy、Keepalived、LVS等；5、熟悉软件交付过程，有实施持续集成、持续构建和部署的实际经验，具备建设灰度发布、蓝绿发布系统的能力；6、有前端开发知识储备，熟悉Javascript、CSS、HTML，了解常用的前端框架；7、了解运维及其他常用开源工具，Zabbix/Nagios，Jenkins，Git，ELK，SaltStack等；8、熟悉AWS、阿里云的使用，熟悉KVM虚拟化、Docker容器技术，重度GitHub用户优先。
4035297,重庆见东科技有限公司,运维工程师,大专,3-5年,10k-18k,"五险一金,周末双休,节假日福利,带薪年假","Linux,信息安全",电子商务,不需要融资,15-50人,"岗位职责：1、负责运维工作，包括服务器部署、系统环境搭建、数据备份、日志分析、系统维护、故障排除、应急响应等，并配合相关部门完成运维工作；2、监控和保障生产业务系统安全稳定、高效运转，响应系统突发事件；3、负责系统监控平台告警及协调处理解决。任职要求:1、大专及以上学历，3年以上运维相关工作经验，有互联网大数据量高并发运维经验；2、熟悉linux、unix等操作系统，熟悉各种应用服务。具备常用软件如nginx、tomcat、LVS的配置、应用、管理、调优等经验；熟悉docker,jekins等；3、熟练掌握zabbix等监控服务配置、管理、维护；4、熟悉mysql、mangodb、redis等数据库相关软件的部署搭建、优化以及备份；5、熟练掌握shell及python，且有使用python开发过至少一个工具或者项目经验；6、有高度的责任心、较强的沟通能力和良好的团队合作精神，做事细致，主动性强，善于主动思考问题，并提出自己的解决思路；7、具备IT安全意识，有大中型运维系统规划/设计/实施/保障的经验优先。其他福利：五险一金，周末双休，带薪年假及其他国家法定节日，行业前景好 "
5332476,中冶赛迪重庆信息技术有限公司,物流算法工程师,本科,1-3年,10k-20k,世界500强央企 大平台,"人工智能,机器学习",移动互联网,不需要融资,150-500人, 本岗位主要进行针对无人化运输工具（无人仓库、无人火车、无人卡车）相关的物流算法设计工作；开展研发与工程项目物流算法设计与测试；编制相关设计文档与交付资料；开展应用验证工作； 本科及以上学历，计算机、应用数学、运筹学等相近专业；具有2年及以上物流项目经验；熟悉运筹优化算法，如物流调度、路径规划、仿真优化等；熟悉使用C/C#/C++/Java/Python中至少一种语言，有良好的语言基础；具备良好的沟通表达能力；具有物流运输、制造业相关开发经验者优先考虑；
450609,重庆誉存大数据科技有限公司,数据科学家,硕士,3-5年,10k-20k,大数据，顶级团队，硅谷公司文化，期权,,金融,A轮,50-150人,"岗位职责：1、负责与合作伙伴以及其它数据提供商之间的交流，对所提供数据的质量及适用性进行评估和分析；2、应用统计建模、机器学习方法建立数据模型解决实际问题；3、将机器学习模型应用到产品当中，并根据产品需求优化模型；4、跟踪前沿的机器学习、人工智能理论和技术。岗位要求：1、一年以上工作经验；2、统计学、计算机、数学等相关专业；3、熟悉Linux开发环境，至少熟悉掌握Python/Java/Scala其中一种语言；4、较强的算法基础；5、有实体抽取、关系抽取，事件抽取等自然语言处理方面经验者优先；6、熟悉常见的基于深度学习的自然语言处理技术，在顶级自然语言处理领域的会议或者期刊发表过论文者优先；7、有知识图谱构建经验者优先；8、有较强的分析问题解决问题能力，工作踏实上进；9、能够接受及适应在快节奏,测试驱动,持续迭代的工作环境。 目前公司处于快速发展期，提供良好的福利待遇：1、五险一金；2、每月团队聚会活动；3、每周篮球足球羽毛球等体育活动；4、弹性工作制；5、提供零食点心；6、提供带薪假期约妹子！"
5349882,重庆齐祥控股集团有限公司,软件测试工程师,本科,3-5年,10k-20k,五险,,"移动互联网,电子商务",不需要融资,50-150人,"岗位职责：1、充分理解产品需求，并根据需求进行测试；2、编写产品项目的测试方案、测试计划、测试用例；3、负责产品的基本功能自动化测试工作，编写自动化测试脚本；4、制定测试方案和测试计划，组织团队编写测试用例，进行版本测试，提交Bug，编写测试报告；5、负责测试环境的搭建、维护；6、了解产品架构中涉及到的技术细节，能根据不同的测试任务做风险分析，定义产品测试基线和回归测试基线，预防产品中存在的安全隐患；7、在测试团队中起到技术支撑的角色，通过总结、技术钻研和培训，进行测试过程和测试方法的持续改进；8、发现或预知产品质量隐患与风险，保证产品高质、快速交付。 岗位要求：1、本科以上相关学历，计算机相关专业毕业，2年及以上测试工作经验；2、熟练使用Web测试的基本方法、流程，熟悉B/S架构的软件测试流程，熟悉APP测试优先；4、掌握一种常用的自动化测试工具:Selenium，QTP等；5、熟悉压力测试、可靠性测试等, 熟练loadrunner、jmeter等web压力测试工具；6、熟练使用常用的测试管理工具：Jira、Test Director、Bugzilla、Bugfree等；7、有很强的分析能力和定位问题的能力；9、工作态度认真严谨，做事积极主动，有较强责任心，有较强的表达和沟通能力及文档编辑能力；10、熟悉Java、Python、JavaScript的一种或几种语言，或脚本语言编程（有Shell/Python/JavaScript等经验均可）优先;11、有大型的网站测试经验、移动互联网产品测试经验优先；12、从事过电商、物流、仓储系统软件开发或测试优先。"
5268281,上海捷科智诚科技有限公司,自动化测试工程师,大专,3-5年,8k-15k,带薪年假 加班工资 定期体检 年终奖,"Jmeter,Selenium","金融,其他",上市公司,500-2000人,1、学历大专及以上；2、项目经历主要以jmeter接口测试为主；3、熟悉selenium+python4、沟通表达能力较好
4742019,重庆国狮科技有限公司,PHP高级工程师,本科,3-5年,6k-10k,良好的移动互联网产品，大牛的技术团队,"后端,服务器端",其他、移动互联网,不需要融资,15-50人,"1、根据公司产品需求部门的需求，参与制定和实施技术方案；  2、参与产品的技术审评、制定开发计划、编码等开发工作；  3、Web后端项目架构设计，业务逻辑开发；  4、负责公司内相关项目的开发和优化。  任职资格  1、精通PHP，熟悉各种PHP应用部署环境，熟悉HTML编码规范。  2、精通掌握使用数据库MYSQL，熟练使用Redis、MongoDB、Memcache。  3、熟练使用正则表达式，精通http,socket编程。  4、具备较强的程序部署、调试及程序故障分析能力，已经PHP自动测试流程的编写。  5、3年以上PHP开发经验。熟悉大型网站或软件的设计、规划和制作流程，参与过至少一个大型成功项目的开发工作。  6、熟悉数据库设计，有MySQL、Oracle性能优化优先考虑；  7、熟悉TCP、UDP网络协议，对基于CLI模式的PHP开发方式有一定的了解。  8、熟悉nodejs、Python、go、c其中一种等开发经验优先考虑。  备注：公司需要上机测试代码基础能力，请合理安排好时间，以免时间太紧浪费大家的时间，谢谢。"
5201583,马上消费金融股份有限公司,模型验证专家,硕士,3-5年,25k-40k,"发展空间大,带薪年假,午餐补助,团队氛围好",风控,"金融,移动互联网",不需要融资,2000人以上,服务于业内领先的消费金融公司的大数据风控中心，根据银监会和巴塞尔协议的要求，对公司近百人的专业风控模型团队的建模成果，进行专业的第三方验证。1、出具中立的验证报告、进行潜在问题分析和提出改进建议2、跟踪数据模型对风控审批等应用的支持效果3、执行包括ABC卡的模型验证工作4、执行反欺诈的模型验证工作5、执行其他模型验证工作6、与数据建模团队进行沟通，深入分析问题，提高模型质量和应用效果1、数理统计或计算机数据挖掘相关专业，硕士以上学历；2、3年以上工作经验，海外或国内知名消金公司专业分析经验者优先；3、熟悉机器学习算法，例如逻辑回归、决策树、神经网络等算法；4、对机器学习算法有丰富的项目经验、对文本挖掘有较多的项目经验；5、熟悉SAS，R，Python等开发工具之一（SAS、R更佳）；6、具备丰富的数据挖掘需求（评分卡，反欺诈等经验优先考虑）、模型开发和实际推广经验；7、具备丰富的沟通经验和管理能力，具备团队合作精神，能够与具体技术部门人员良好沟通协调，积极推动项目实际落地；8、能根据实际工作需要接受一定时间比例到固定外地短期出差； 加入我们，你将获得：与业内一流业务专家，包括国外专家面对面交流和学习机会；与业内一流互联网公司技术和机器学习团队沟通讨论，以及全面大数据（包括外部数据、爬虫数据、舆情数据，数据挖掘，机器学习等）风险方案实践的机会；广阔的发展空间和良好平台，公司技术和业务双驱；
4265751,重庆蜂群科技有限公司,JAVA高级工程师,不限,5-10年,15k-28k,"节日礼金,生日礼金,年底双薪,年度旅游",,金融 移动互联网,天使轮,15-50人,岗位职责：1. 利用大数据相关技术从各个系统数据源系统中采集所需的结构、半结构、非结构数据。2. 推动大数据平台架构演进；负责平台疑难问题技术攻关；各组件性能优化；跟进主流大数据相关技术并根据情况引入到平台内部。3. 从各业务系统中实时采集处理相关数据，毫秒级实时输出到风控规则进行匹配。4.利用采集的数据做离线分析，产生相关结果报表数据。任职要求：1.对大数据相关技术情有独钟;1..至少具备3年以上Java及对大数据相关技术有接触；最好有基于hadoop或Flink方面项目经验；2.  在项目中用到过流式计算方面的技术，如Storm/Jstorm/Flink/Spark Streaming均可；3. 熟悉hadoop生态技术栈，如Mapreduce、HBase、Hive；对Flume、FileBeat、Kafka、Sqoop较熟悉；4.  有一定Java编程经验，精通主流Java开发框架与技术，如Spring、Redis、Mybatis、spring cloud等；会python更佳；5. 具备较强的逻辑思维能力；6. 有良好的沟通能表达能力及团队合作精神；7. 善于学习新知识，有强烈的创新意识，对解决挑战性问题充满激情；8. 有较强抗压能力。【公司福利】0、上班时间：每周一 9:00 — 周五 18:00（客服除外），节假日按法定放假。1、加薪情况：每年普涨10-20%2、加班情况：不提倡加班。                   周末加班双倍工资；                   法定节假日加班，三倍工资。3、年底奖金：十三薪（全部享有）；                   业务指标提前完成奖金约3-6个月工资（部分享有）；4、出差、年假、事假、婚假情况：（N：入职年限）                    N+5天年假/年（入职满一年的员工）；                    出差有出差补助+带薪（针对出差员工）；                    N+3天事假/年，带半薪（入职满3个月的员工）；                    婚假按法定（针对女员工），3天带全薪假（男员工）（仅享受一次）。
5016579,重庆沙师兄软件开发有限公司,web前端,大专,1-3年,4k-7k,"带薪年假,工龄工资",,"数据服务,移动互联网",天使轮,50-150人,"1、3年以上互联网行业前端开发经验。2、2年以上HTML5架构及前端开发经验。3、精通jquery，AngularJs，zepTo，backone.js等主流前端框架4、熟练使用Less，Sass等CSS开发工具5、至少精通vue,bootstrap，dojo，sencha等其中之一的前端布局框架，并有一年以上对其框架进行应用封装的经验。6、熟悉HTTP协议，并能够熟练运用Websocket进行前端异步通信框架的搭建。7、熟悉Java，PHP，.net，python, go等其中之一的服务端语言"
4929891,杭州安恒信息技术股份有限公司,安全研究员（重庆）,本科,3-5年,15k-25k,"五险一金,带薪年假,节假日福利,国内外旅游",,"信息安全 ,数据服务",D轮及以上,500-2000人,岗位职责： 1. 接触网络安全行业最新的实际案例，进行案例分析，编写案例教程； 2. 负责网安行业新技术研究，并制定课程进行教授； 3. 负责安全知识体系梳理，根据已有的课程体系，完成课程内容的编写及整理； 4. 设计更新课程练习题、考试题目及实验仿真环境； 5. 参与新项目、新技术的研究及新产品的开发。 任职资格： 1. 对安全相关技术有浓厚兴趣，学习能力强； 2. 具备扎实的安全技术基础，熟悉web安全、二进制安全、渗透、移动安全等技术，具备一定语言能力，熟悉C/C++或python脚本开发，能读懂常规的PHP页面代码； 3. 至少精通服务器与网络安全、安全攻防、逆向工程、恶意软件分析、漏洞分析、代码审计、密码学等一个以上安全相关技术； 4. 有很强的责任心和工作热情，乐于技术分享； 5. 具备优秀的表达、沟通能力和一定的协调能力； 6. 身体素质好，抗压力强； 7. 有培训经验者优先，安全团队从业者优先； 8. 工作经验3 - 5年优先，获得安全领域相关认证者优先，如CISP、CISSP网络信息安全工程师； 9. 有ctf经验 和从事ctf 开发经验最佳。  
4008593,北京中科特瑞科技有限公司,重庆大数据工程师,本科,5-10年,10k-15k,"五险一金,周末双休,节日福利,定期体检","软件开发,Java","教育,数据服务",不需要融资,150-500人,岗位职责：1、负责、参与大数据相关专业课程的日常授课工作以及教学大纲、教材、教学案例、教案、讲稿、多媒体课件等课程建设等；2、负责、参与调研大数据人才市场需求发展趋势，制定与完善大数据相关专业培养方案；3、研究最新大数据相关技术，参与大数据研发项目；4、根据大数据项目开发需求，编写相关项目方案；任职要求：1、计算机、数学、统计学等大数据相关专业本科及以上学历，5年以上工作经验；2、熟练掌握C、Java或C++编程，熟悉Linux操作系统；3、具备良好的语言表达能力以及文字功底；4、有较强的责任心和团队协作意识；5、熟悉Hadoop、Spark等大数据技术生态圈者优先；6、熟悉SAS、R、Python等数据处理常用语言者优先；7、熟悉Tableau等可视化工具者优先；6、有数据挖掘、数据分析等数据处理工作经验者优先；7、有大数据业务培训授课经验者优先；
4359857,重庆星坛科技有限公司,运维工程师,大专,1-3年,6k-8k,"团队合作,自主研发",Linux,移动互联网,不需要融资,150-500人,岗位职责:和开发人员一起实现持续集成开发环境，生产环境的自动化部署岗位要求：1、2年以上运维工作经验2、喜欢尝试Devops领域相关新工具和技术，喜欢自动化一切可以自动化的环节3、具有一定程序开发经验，熟悉 shell/golang/python 任意两门编程语言4、在以往的工作中，对持续集成和自动化部署有实践经验5、熟悉docker生态，掌握swarm/kubernetes等集群编排工具6、熟悉配置管理工具(如Puppet/Saltstack/Ansible等)7、熟悉监控和报警相关工具(如 Nagios/Graphite)8、熟悉主流关系型或者非关系型数据库
5159628,重庆厚疆区块链科技有限公司,Go语言开发工程师,大专,3-5年,10k-20k,"带薪年假,餐食补贴,交通补贴,年终奖金",,区块链,未融资,50-150人,岗位职责：1.负责公司业务平台的后端服务开发工作；2.负责公司后端平台的架构开发和性能调优；3.负责公司产品开发的前后端接口文档的撰写与维护；4.负责新技术调研及技术落地。任职要求：1.具有5年及以上互联网服务端项目开发经验；2.精通golang语言编程（至少3年的研发经验），掌握HTTP.TCP/IP等网络相关技术；3.熟练掌握 Restful API 接口设计标准及规范；4.熟悉MySql.Redis.Mongodb.KAFKA等开源中间件；5.具备高可用.高并发分布式系统开发设计或区块链相关经验优先；6.熟悉Python，C/C++优先；7.热爱学习，有自我驱动意识，积极主动，责任心强，有很好的抗压能力及团队精神。
5350485,广州智之美信息科技有限公司,运维工程师,大专,1-3年,6k-12k,"领导牛,福利好",Linux,移动互联网,不需要融资,15-50人,职责：1、保障并不断提升服务的可用性，确保用户数据安全，提升用户体验。2、用自动化的工具/平台提升软件在研发生命周期中的工程效率。3、通过技术手段优化服务架构、性能调优；通过资源优化组合降低成本、提升ROI。4、 产品发布前：负责参与并审核架构设计的合理性和可运维性，以确保在产品发布之后能高效稳定的运行。5、产品发布阶段：负责用自动化的技术或者平台确保产品可以高效的发布上线，之后可以快速稳定迭代。6、 产品运行维护阶段：负责保障产品7*24H稳定运行，在此期间对出现的各种问题可以快速定位并解决；在日常工作中不断优化系统架构和部署的合理性，以提升系统服务的稳定性。工作内容：问题发现：设计并开发高效的监控平台和告警平台，使用机器学习、大数据分析等方法对系统中的大量监控数据进行汇总分析，以期在系统出现异常的时候可以快速的发现问题和判断故障的影响。问题处理：设计并开发高效的问题处理平台和工具，在系统出现异常的时候可以快速/自动决策并触发相关止损预案，快速恢复服务。问题跟踪：通过分析问题发生时系统的各种表现(日志、变更、监控)确定问题发生的根本原因，制定并开发预案工具。要求：精通shell/Python/Perl等1至2种编程语言熟练掌握常用数据结构和算法，并能灵活运用熟悉网络基础知识深入理解Linux操作系统熟悉开源的监控平台工具，比如：Ganglia、Nagios、Zabbix等熟练掌握Shell脚本熟悉Awk、Sed等基础工具熟悉分布式计算或者存储系统，比如Hadoop/Hbase/Storm等熟悉机器学习原理能付诸实践者更佳熟悉TCP/IP、HTTP等网络协议，精通socket网络编程强烈的责任心与主动性，对所负责工作有owner意识，并能自我驱动成长能承担较大工作压力，有较强独立分析、解决问题的能力工作中需要胆大心细，具备探索创新精神
5344896,重庆替比网络科技有限公司,前端开发工程师,大专,1-3年,4k-8k,"上升空间大,五险一金,节日礼金,各种补助","HTML5,Javascript,CSS,Angularjs",教育,未融资,15-50人,"负责互联网云服务的前端实现与优化岗位技能需求:1.熟练掌握HTML5/CSS3/Javascript相关技能。2.可以使用原生Javascript编写复杂的功能和模块，有良好的Javascript编码习惯。3.熟悉自动化构建工具，对前后端开发合作有一定的认识。4.熟悉常用的可视化库和框架，如echarts、d3.js等。5.掌握jquery框架, 熟悉或了解extjs为佳。6.掌握流行的Javascript框架和库, 至少掌握其中一种，如vue、vuex、angular、react、redux等。7.了解Web最新标准。8.思路清晰，有良好的沟通和理解能力。加分项关注前端性能，有性能调优经验。熟悉一种或多种后端语言，如Nodejs/Java/PHP/Python。热爱技术，有活跃的个人github和技术博客或简书等尤佳。"
5259634,重庆玖舆博泓科技有限公司,高级算法工程师,硕士,3-5年,10k-15k,"五险一金,团队旅游,节假日福利","人工智能,数据挖掘,深度学习","数据服务,其他",未融资,50-150人,职位描述：学历要求：硕士及以上学历（特别优先的可以放宽至本科）专业要求：统计学、数学、经济学、计算机等相关专业工作职责：1、可独立完成数据分析项目过程中的数据需求编写、数据统计分析、数据探索及数据挖掘、业务模型算法设计和分析结果可视化展示工作，编写数据分析报告2、实施数据特征工程进行挖掘算法模型构建，可完成IT系统部署，并持续优化模型应用效果。知识技能：1、较使用SQL、HSQL进行数据统计和数据探索；2、熟练掌握数理统计理论及方法，可熟练应用数据挖掘及机器学习常用算法；3、熟练使用Mahout\Caffe\Deeplearning4j\TensorFlow\SPARK-MLlib\Python\R等一种机器学习工具及数据分析工具；3、有电信运营商、互联网行业数据分析/挖掘建模经验者优先。综合素质：1、3年以上数据挖掘算法设计及开发工作经验；2、具备良好的客户需求理解能力，良好的沟通和表达能力。3、工作态度积极主动，热爱学习。4、具有良好的团队合作精神、团队协作能力。公司网址：www.9ebang.com
5335359,广东知一数据有限公司,数据开发工程师,大专,1-3年,8k-15k,Hadoop、数据仓库,"数据挖掘,数据分析,数据仓库,Java",数据服务 移动互联网,不需要融资,50-150人,任职要求：1.具有数据仓库开发经验，有2年以上互联网或移动互联网并基于Hadoop/Storm/HIVE/Hbase/Spark等应用开发经验，对分布式计算、数据仓库理论有深刻理解；2、熟练掌握linux常规命令与工具；3.对Hadoop、Spark、Hive、Storm等源码有研究优先；4.熟悉掌握JAVA、MapReduce、Python，有并发应用或者分布式应用软件开发经验优先；5.熟悉掌握shell编程，sql编程、awk脚本语言等；6.良好的系统分析、架构设计能力；7.对数据敏感、对新技术敏感，有数据挖掘技能者优先；8.对商业和业务逻辑敏感，具备良好的分析、组织、沟通能力和团队精神。岗位职责：1.熟悉Hadoop/Spark/hive/impala/kylin/sqoop/flume等大数据相关组件2.熟悉掌握sql及性能调优，熟练使用python进行数据处理，或熟悉java、scala等其他编程语言优先3.熟悉掌握数据仓库实施理论，有大型数据仓库实施经验4.有互联网、金融行业经验者优先5.大专及以上学历，在数据仓库/大数据开发方面有2年以上工作经验
5198140,贵州首途智慧科技有限公司,数据库工程师（DBA）,大专,3-5年,8k-12k,周末双休,,"移动互联网,企业服务",未融资,50-150人,"1、计算机或相关专业本科以上2、3年以上SQL server和mysql数据库DBA经验，精通Sqlserver mysql等数据库配置、备份、优化、监控、高可用，能独立完成DBA管理任务;3、熟悉mongodb,redis等nosql数据库的运维;4、熟悉数据库原理、精通数据库核心参数的设置和调整；5、精通安装及故障排除方法。；6、精通数据库调优方法；能够基于业务需求，提供数据库解决方案7、熟悉LINUX操作系统，熟悉shell,python中至少一种脚本语言；8、有腾讯云的云数据库、Elasticache运维经验者优先；9、拥有良好的沟通表达能力和服务意识，有较强的团队合作意识，快速处理系统突发事件的能力；"
4983134,马上消费金融股份有限公司,反欺诈政策与流程专家,本科,3-5年,8k-16k,职业发展好,风控,"金融,移动互联网",不需要融资,2000人以上,1.制定并优化反欺诈流程及政策2.参加产品评审及测试，给出新产品的反欺诈策略要求以及已有产品欺诈防范整改意见3.建立反欺诈条线内部培训及考核机制并准备培训资料及考试资料4.通过不同渠道收集反欺诈信息，对反欺诈的规律和特征进行分析5.负责制定公司各产品的反欺诈策略和相关流程6.完成上级完成交付的其他相关工作1.性别年龄不限2.学历专业：具有金融、经济、财务、法律类或相关专业本科以上学历3.职业资格：熟练使用Office工具，熟练使用SQL、R、Python、SAS等进行数据分析工具尤佳4.工作经验：2年以上信用卡、小额贷款、消费贷公司反欺诈调查或政策流程经验，熟悉反欺诈工作相关
4958095,软岛科技（重庆）有限公司,Java程序员,不限,1-3年,7k-10k,优秀团队,,电子商务,不需要融资,150-500人,岗位职责1、根据需求设计、开发和测试新的业务功能；2、配合前端和UI完成开发需要调用的API接口；3、根据需求对现有业务进行改造；补充说明1、两年左右的JAVA开发经验，熟悉JAVA SE基础，熟悉Python优先；2、良好的编码习惯、有微信小程序开发经验优先；3、熟悉常用数据库（Mysql、Sqlsever、Oracle等）其中一种；4、熟悉js及jquery框架，熟悉CSS；5、熟悉JavaEE项目开发流程和规范；6、对新知识有强烈的学习欲望，愿意学习新的编程语言；7、能够服从上级领导的安排；福利待遇：1、五险一金（养老、医疗、工伤、生育、失业和住房公积金）；2、节日福利；3、工作餐补贴；4、双休；5、通讯补贴；6、不定期培训机会；7、面向全公司员工活动；8、良好的晋升工空间；9、带薪年假；10、员工生日关怀。
4286977,重庆觉晓教育科技有限公司,自然语言处理工程师,硕士,1-3年,10k-20k,"高薪,千平现代化,五险一金,30天年假","数据挖掘,算法","移动互联网,教育",不需要融资,50-150人,工作职责：1、信息抽取、文本摘要、文本分类、文本聚类、实体抽取、实体关系建模、推荐系统、语义搜索；2、语料库、语义网无监督构建。任职要求：1、自然语言处理、人工智能、计算机科学与技术、应用数学等相关专业硕士以上学历；2、精通算法设计数据结构；3、信息抽取、文本摘要、文本分类聚类、语义搜索、推荐系统等相关方向的研究和开发经验；4、精通java Python scala 至少一门开发语言；5、较强的分析问题和解决问题的能力，缜密的逻辑思维能力，有攻关疑难的强烈兴趣；6、有强烈的上进心和求知欲，善于学习新事物；7、对NLP领域相关机器学习、算法有较深的研究和实践；8、扎实的数学、统计学基础。
3679432,重庆良择木科技有限公司,软件测试工程师,本科,3-5年,5k-10k,"周末双休,五险一金,餐补,绩效奖金","脚本,自动化,功能测试","移动互联网,文化娱乐",未融资,50-150人,职位描述：1. 负责公司Android/iOS APP产品的质量保证工作；2. 参与项目的全流程，推动问题及时得到解决，制定测试计划和方案，设计测试用例，撰写测试总结报告等；3. 调研、使用、开发测试工具和自动化测试框架、自动化测试脚本，进行自动化测试，提高测试效率；4. 结合项目过程实践不断优化测试策略，并对项目质量风险进行评估和把控，给出解决方案；5. 学习和研究新技术以提高测试的效率和质量，满足质量保证的需求。职位要求：1. 本科或以上学历，计算机软件、通讯相关专业优先；2. 三年以上互联网测试经验，2年以上Android/IOS自动化测试经验；3. 精通测试流程和测试用例设计方法，能主动进行技术钻研，解决复杂问题和编写自动化测试工具和系统的能力；4. 熟悉JAVA/Python至少一门编程语言，熟悉Linux/Unix操作系统；5. 熟悉Android/iOS自动化测试工具，如junit、robotium、monkey、monkeyrunner、appium、UiAutomator等；6. 熟悉敏捷项目流程者优先；7. 学习能力强，有较强分析、定位和解决问题的能力，具有较强逻辑思维能力和表达能力；8. 有很强的质量意识，能严格地遵照测试流程规范开展工作。9.有管理或带团队经验者优先注：无丰富APP测试经验者勿投
4790740,德勤华庆商务服务有限公司,大数据平台开发工程师,本科,3-5年,10k-20k,六险一金 平台好 福利多 弹性工作制,数据分析,"企业服务,数据服务",不需要融资,2000人以上,职责描述：1、负责研发大数据系统与应用；2、负责基于大数据平台的数据处理、分析、抽取、挖掘以及功能代码的实现；3、负责大数据分析的模型算法、业务逻辑实现。 任职要求：1、计算机相关专业，本科及以上学历；2、具有2年以上相关工作经验；3、熟悉主流的大数据平台与工具，如 Spark、Hadoop、Hive、HBase、Pig、Sqoop、MapReduce、HDFS、Kafka、ELK等；4、熟悉一种以上主流大数据相关编程语言，如Java、Python、Scala等，熟悉多线程与网络编程；5、熟悉MongoDB、MySQL等数据库系统的架构、部署、配置及开发6、有基于容器技术开发微服务的经验及有敏捷软件开发和持续集成/持续交付经验者优先；7、具备一定的机器学习算法基础，使用过Spark ML，ScikitLearn，TensorFlow，PyTorch等机器学习/深度学习工具优先。8、具备良好的团队意识和沟通能力，学习能力和主动性强。公司福利：六险一金 员工旅游 专业培训 定期体检 年终奖金 弹性工作制
5178672,北京推想科技有限公司,实施工程师 (MJ000009),大专,不限,6k-12k,"弹性工时,五险一金,试用期全薪,饭补","运维,IT支持","医疗健康,数据服务",B轮,150-500人,岗位职责：1.配合销售为客户提供技术咨询、引导客户认可技术服务。2.负责与客户进行技术交流，实现产品落地，进行系统对接、安装、更新维护、现场测试 。3.针对现场环境和用户需求，配置定制化功能，产品及性能调优。4.根据项目目标把控实施节奏，保证服务的正常运行和良好用户体验。5.调研现场环境信息和用户端信息，为后台提供充分数据信息资源。6.善于总结项目落地出现的问题和状况，迭代项目落地方案。7.主动和医生客户保持沟通，及时解决产品服务中出现的问题。8.及时了解并响应客户反馈和需求、给产品和方案提供改进意见。9.管理客户满意度。任职要求：1. 大专及以上学历，计算机、软件工程、自动化、生物医学工程相关专业； 2. 熟悉Linux操作系统及常用开源组件，掌握Oracle、SQL Server、MySQL等数据库之一，能够编写Python/Shell代码者优先；3. 有1年相关工作经验者优先4. 具有良好的职业素养，责任心强，具有较强的学习能力、沟通协调能力及统筹能力，具良好的服务意识及团队精神；5. 适应能力、抗压能力强，能够适应一定强度的出差；6. 有过医疗行业技术支持经验者优先；7. 迅速适应AI行业的挑战和快速发展中公司的成长节奏。
5212905,重庆腾汇科技有限公司,腾讯大渝网 系统架构师,本科,5-10年,10k-20k,"腾讯控股,福利待遇优,领导好,发展空间大",,移动互联网,不需要融资,50-150人,"岗位职责：1、负责后端系统的架构设计、技术选型等；2、负责对软件架构、关键构件、接口的设计，技术难题攻关，解决性能和安全性问题；3、引导前沿技术的预研与实施，模块组件的搭建与维护；4、负责后端系统核心代码编写和按时交付，保证交付质量和负责版本维护；5、与上下游团队配合，完成产品或项目研发；任职要求：1、专业从事后端系统开发5年以上，正规院校计算机相关专业本科毕业；2、精通PHP，了解Python，JAVA 等其他后端开发语言；3、熟悉常用的设计模式、开源框架以及软件工程的趋势和最佳实践，有大型互联网项目经验或业内知名产品研发经验者优先；4、熟悉微服务开发框架lumen，或其他微服务框架, 有服务治理的实操经验；5、熟悉分布式系统基础设施中常用的技术，如缓存、消息中间件、搜索引擎等；6、熟悉高并发、高可靠性系统的设计、监控和运维等；7、了解Docker、编排工具、CICD、自动化运维相关技术优先；8、具备微服务架构经验；9、具备较强的责任心和良好的学习能力、逻辑思维能力，善于沟通和团队合作，勇于创新和接受挑战。"
5340772,重庆汇祥实业集团有限公司,平台架构师,本科,5-10年,18k-30k,"福利佳,发展空间大,非传统,不呆板","运维管理,系统架构,安全专家",其他,未融资,150-500人,
4375170,重庆星坛科技有限公司,游戏测试主管,大专,3-5年,10k-15k,"团队合作,自主研发",,移动互联网,不需要融资,150-500人,岗位职责：1.快速熟悉和优化部门管理制度、测试工作流程、以及质量管理规范；2.提升团队技术能力，拓展测试深度和广度；3.带领团队完成游戏版本功能测试和各项专项测试；4.能够高效地进行跨部门的沟通和协调，有良好的项目风险把控意识；5.优化、提高团队的测试效率和输出质量，主动发现问题并优化改善，做好过程和结果的积极反馈和团队的反思提升工作。岗位要求：1.专科以上学历，有3年以上软件测试经验，具有快速熟悉业务流程和优化，并建立完善质量体系的能力；2.熟悉主流测试方法及理论，掌握主流测试及管理工具；3.良好的沟通能力及领导力，视野开阔，大局观强，对团队建设和人员培养有清晰的思路和技巧；4.主动性强，有强烈的责任感及进取精神，优秀的执行力和抗压能力；5.熟悉至少一门开发或者脚本语言，C++、python优先，有项目实现或者游戏引擎经验尤佳；6.有棋牌或手机游戏测试经验，有团队管理经验优先。
5300954,马上消费金融股份有限公司,资产风险分析师,本科,3-5年,10k-20k,"职业发展好,带薪年假,午餐补助,弹性奖金",风控,"金融,移动互联网",不需要融资,2000人以上,岗位职责:1. 在根据公司要求对资产进行分类的同时，积极主动的对资产分类进行动态实时监测、预警、识别、计量；2. 负责风险的资产组合管理报表制作与相关数据分析，专题分析与管理报告；3. 负责建立、完善公司的资产管理体系，制定相关资产管理制度和流程；4. 协助部门负责人制定资产监测、资产分类等制度规范；5. 负责进行信贷风险的压力测试；6. 完成公司领导交办的其它工作。任职资格:1.   本科及以上学历，金融、经济、数学、统计学，计量经济学相关专业；2.   三年以上（含）风险计量分析工作经验，有信用卡总行的工作经验优先；3.   熟悉R、Python专业数据分析软件，熟练掌握SQL、Excel、Hive等常用工具；4.   对数据的敏感度高，具备良好的敬业精神，团队协作能力和问题分析处理能力等； 5.   具有较强的风险管理意识、分析思维能力，执行能力和良好的学习能力； 6.   具有一定的抗压及自我调节能力。
5213023,重庆腾汇科技有限公司,腾讯大渝网 运维工程师,本科,3-5年,8k-15k,"腾讯控股,福利待遇优,领导好,发展空间大",,移动互联网,不需要融资,50-150人,岗位职责：1、负责公司各类信息安全系统的建设，负责生产环境的安全运维相关工作。2、负责各类安全系统的策略制定、运维和优化。3、负责公司信息安全事件的应急响应，发现、分析及处置安全事件。4、负责网络安全攻防技术、安全漏洞、安全产品、安全架构的跟踪和研究。5、负责公司项目部署和监控工作。任职要求:1、三年以上安全从业经验，在安全运维领域有独挡一面的能力，参与过互联网安全系统建设或运维。2、有海量日志分析的能力，对告警事件有理解、分析、判断和优化能力。3、熟悉常见的操作系统和数据库系统的安全检查及加固。能够检测和清除windows、linux等环境下的木马、后门、rootkit等。4. 熟悉集群应用，了解docker 、k8s、mesos等部署管理技术。5、熟悉常见的针对系统、网络及用户环境等的攻击检测及防御手段，熟悉IPS，IDS，了解DDOS防御方法。6、熟悉主流安全产品、开源安全工具等的功能、配置及使用。7、至少掌握Python/php/javascript/bash/perl/ruby/C#等语言的一种或几种，可以编写、编译或修改自动化安全运维程序。8、熟练应用腾讯云平台，以及蓝鲸、织云等自动化运维系统实施安全高效的运维管理
5189881,重庆好居优家网络科技有限公司,后端开发,大专,1-3年,5k-10k,带薪年假、五险、生日福利,"平台,C++,Golang,PHP",移动互联网,未融资,150-500人,
4504429,重庆新致金服信息技术有限公司,前端中高级开发工程师,本科,3-5年,8k-15k,"五险一金,双薪、双休,带薪年假,旅游、体检","移动端,HTML5,Web前端","移动互联网,金融",不需要融资,150-500人,1.熟练掌握HTML/HTML5、CSS/CSS3，能熟练运用HTML+CSS制作静态页面；2.熟练使用AJAX/JSONP进行前后端数据传输；3.熟悉原型链和继承原理，以及面向对象编程；4.熟练使用原生JS操作BOM、DOM、事件，并能熟练使用jQuery；5.掌握React/Vue/Angular等常用JS开发框架，了解Webpack、Gulp、Grunt等前端构建&打包工具的使用，实现SPA单页面应用及路由的设置；6.熟悉使用RequireJS(AMD)规范模块化JS文件；7、具备跨终端的前端开发能力，关注Web（PC+Mobile）页面兼容，有移动端H5页面开发经验；8、熟悉一门非前端的语言（如Java/PHP/C/C++/Python/Ruby），并有实践经验者优先；9.拥有良好的代码规范，结构清晰，逻辑性强，代码冗余率低，具有一定抗压能力；10.熟悉nodejs，有通过nodejs (如express) 搭建web服务器的经验尤佳；11.参与大型优秀移动WEB开发，有上线作品优先；12.预计参与工作项目：银联项目前端功能的开发实施、东方证券微信消息推送项目开发、国泰君安证券君弘APP理财频道（移动端）整体前端架构设计、开发和维护工作。
5255708,北京时代云英科技有限公司,运维工程师,本科,3-5年,8k-13k,"系统部署,内部测试,信息安全,系统运维","Oracle,数据分析,系统运维,信息安全",移动互联网,未融资,15-50人,1、负责项目实施工作，包括软件或硬件系统部署、安装、培训、升级等工作，推进项目顺利进行，定期提交汇总报告。2、负责用户现场技术支持及日常维护，包括向客户提供咨询、指导、讲解相关业务或技术问题，收集用户反馈问题并及时汇总上报。3、根据项目执行情况，反馈项目进度，提出合理化建议，提高开发效率和产品质量。4、参与内部测试、部署、实施等工作，并配合测试人员及时修改，完善软件。5、负责编写实施过程相关文档。6、完成上级交办的其它任务。任职要求1、本科及以上学历，计算机相关专业，一年及以上相关工作经验，且有一定的实际项目开发经验。2、熟练使用Linux基础命令，及Linux系统部署等。3、熟悉常用网络、服务器、存储设备，熟悉网络环境搭建和故障排除。4、熟悉Oracle、MySQL等常用数据库系统，能够使用SQL语言进行简单查询、更新等操作。5、熟悉C++或Java开发语言，能够判断程序运行过程中出现的bug产生原因。6.熟悉tomcat、hadoop、es和hbase安装部署优先7.会编写python脚本。8、具备良好的沟通协调能力及文档书写能力，能够完成基本的客户需求收集。9、适应出差，具备良好的学习能力及良好的团队合作精神，工作踏实、细致。
5329413,重庆巨鹿网络科技有限公司,运维开发工程师,本科,3-5年,7k-12k,团队合作双休如有加班另有加班工资,Linux,"移动互联网,电子商务",不需要融资,15-50人,"岗位职责：负责车联网所有项目的运维部署任职要求：1.精通shell及python，1年以上工作经验2.熟悉linux操作系统，TCP/IP协议，网络原理等。3.精通python/shell脚本编写4.了解lvs，keepalived，haproxy，zabbix,nginx，redis，open-falcon队列等组件5.熟悉mysql，具有Mysql主从及日常数据库运维操作经验6.有虚拟化，容器化运维经验优先； 7.责任心强，积极主动，较强团队意识，较强的安全风险意识和跟进能力。8.熟悉Jenkins等部署维护，Jenkins 构建任务编排，熟悉DevOps文化；9.有自动化运维的经验，熟悉Ansible、Salt等优先；10.基于Docker镜像仓库的搭建11.基于gitlab源码仓库搭建12.基于SonarQube代码质量分析13.基于Nexus2搭建npm私有仓库"
3838381,重庆白狮网络科技有限公司,深度机器学习工程师,本科,1-3年,8k-12k,"五险一金,人机验证,能力提升,期权机会","人工智能,深度学习,图像处理","数据服务,信息安全",天使轮,少于15人,工作职责：分析处理海量用户行为数据并提取特征构建机器学习模型区分用户行为构建及完善包含轨迹图像干扰处理模型，防止被机器学习来识别利用机器学习来进行破解测试职位要求：两年以上互联网公司工作经验；全日制本科以上学历，计算机、数学、统计学等相关专业；熟悉Python/Perl/Shell等至少一种脚本语言；对数据结构和算法设计有较为深刻的理解；熟悉常见的机器学习&amp;amp;数据挖掘算法，有相关研究或项目经验；优秀的分析问题和解决问题能力，对解决挑战性的问题充满激情；
5273604,上海易宝软件有限公司,维护储备,本科,不限,3k-4k,双休五险一金 项目奖金,"运维,Linux,Oracle",移动互联网,上市公司,500-2000人, 岗位职责： 1.会Oracle数据库基本常用操作;2.会Java，（C/C++）任一开发语言;3.会Liunx基本常用操作;4.会perl、python 脚本更好; 
5250204,重庆未名生物经济有限公司,数据爬取,本科,1-3年,8k-10k,"交通补助,五险一金","分布式,网络爬虫",企业服务,未融资,15-50人,1、熟悉Python语言优先，有一年以上的数据抓取经验，能独立开发新的数据源，维护抓取程序，确保数据质量2、推进抓取架构的完善，不断提升系统的准确性、实时性3、熟悉数据库管理，完成存储管理工作，有SQL语句优化能力4、熟悉Web及APP数据抓取，有反爬取经验，能独立完成前期项目工程搭建5、有耐心和责任感
5112131,上海树融数据科技有限公司,大数据工程师-爬虫方向（重庆）,本科,1-3年,6k-12k,"扁平化管理,前途佳,高速发展",,"企业服务,数据服务",天使轮,15-50人,岗位职责：1.分布式爬虫系统和数据采集的设计、开发2.爬虫策略和防屏蔽规则，提升网页抓取的效率和质量3.各类互联网数据的采集抓取4.理解系统数据处理流程以及业务功能需求岗位要求：1.一年以上实际的爬虫项目经验2.熟练掌握至少一门编程语言，如 Python、Java、Go 等3.熟练掌握并发编程模型与网络通信编程，熟悉 TCP／IP、HTTP 协议4.熟练掌握 HTML/CSS/JavaScript 等 Web 技术5.熟练掌握关系型与非关系型数据库的使用：MySQL、MongoDB 等6.熟练掌握分布式系统的技术架构与设施的使用：Kafka、zookeeper、Hadoop 等7.熟悉各种反爬技术，并能够通过多种应对策略（包括但不限于：代理池、模拟登录、验证码处理、浏览器渲染等）来保证数据的持续交付8.熟练使用网络流量抓包工具，并有移动端 App 的数据爬取的工程经验
5332349,彼孚（上海）信息科技有限公司,linux 系统运维,本科,1-3年,7k-12k,五险一金,,移动互联网,天使轮,50-150人,岗位职责：1、负责服务器及操作系统相关运维工作。包括Linux系统正常运行的监控、维护、优化等；2、负责公司数据库日常运维及备份工作；3、使用主流监控软件，监控生产、测试系统的系统、网络、数据库运行情况，分析并排除相关故障；4、对生产系统、测试系统的日常运维进行分析汇报，制定生产、测试系统的运维规范及流程并进行优化，提升工作效率和服务质量。岗位要求：1、全日制本科及以上学历，计算机相关专业，1年以上工作经验；2、具备基础的网络知识，熟悉TCP/IP、HTTP等协议；3、熟悉常见Windows server，Linux server(RHEL、CentOS)的运维，能熟练使用Shell/Python/Perl中的至少一种主流脚本语言；4、熟练操作Oracle，MySQL等主流数据库部署，备份及日常运维；5、熟悉Zabbix等各类开源监控软件的安装部署；6、能够独立分析问题、解决问题，具有较强的学习能力，有较高的责任心，善于团队交流与合作；7、熟悉各种中间件，消息队列配置优化，hadoop集群部署优化，docker，k8s等优先考虑。
5318872,重庆昭信教育科技集团有限公司,测试工程师,本科,3-5年,5k-10k,周末双休，购买五险，节假日福利,前端开发,"移动互联网,教育",不需要融资,150-500人,岗位职责1、负责app/web产品的功能、性能测试工作；2、编写测试计划、测试用例，执行测试，给出并分析测试报告；3、推动并监控整个项目开发过程中出现的问题，分析问题并解决问题，保障产品质量；4、测试工具的开发，编写测试代码，建设良好的平台测试框架；5、集成、发布和维护测试环境。任职要求1、2年以上软件测评经验，熟悉web测试、移动端测试、服务端测试，互联网平台测试经验2、能熟练运用MySQL、MSSQL中的一种，熟悉以上数据库的体系架构3、至少了解一门开发语言，如：java、C#、python等；4、有app/web自动化经验更优；5、了解Loadrunner、jmeter等性能测试工具；6、有接口自动化测试经验。
5033791,重庆学析优科技有限公司,机器学习算法工程师,本科,不限,8k-15k,"机器学习,深度学习,RNN,CNN",,移动互联网,A轮,50-150人,岗位职责:1.参与深度学习框架的搭建，包括机器学习、RNN，CNN模型训练；2.深入分析现有算法，给出有效的优化解决方案，并在现有的算法基础上进行新算法和模型的开发 。任职要求：1.有较深厚的机器学习与深度学习基础，了解常用的网络结构与应用场景；2.熟悉深度学习算法（CNN/LSTM等），熟悉Python和CUDA优先；3.熟悉常用的深度学习检测、识别、语义分割网络框架，例如Mask-RCNN，FCN，YOLO等；4.有基于TensorFlow、Caffe等至少其中之一的实践项目经验，丰富的神经网络训练、调优经验，包括数据清洗、扩增、样本均衡等数据处理经验，能够从零开始训练一个神经网络；5.不限工作年限，欢迎有能力的应届硕士同学投递。
3262146,重庆众行汽车租赁有限公司,系统运维工程师,大专,3-5年,6k-12k,"五险,双休,节假日福利","CDN,Linux,信息安全","其他,企业服务",未融资,150-500人,岗位要求：1、负责系统平台的监控，撰写故障分析报告，维护相关技术文档；2、建立并完善监控系统，对应用日志、系统等多维度的实现告警预警，保证业务稳定、连续的运行；3、参与制定相应系统安全方案，能够对平台底层性能优化提供建设性意见方案； 4、负责对各种应用的数据备案策略、系统自动监控系统的管理维护；5、配合参与运维规范，运维流程，应用预案等运维管理工作；6、7*24小时响应故障处理。任职要求：1、大专及以上学历，2年以上互联网平台运维工作经验，有互联网、物联网、车联网大型项目经验者更优；2、精通shell、Python、java、perl等一种及以上脚本编程语言，有运维平台开发经验者优先；3、深入理解Linux系统、运维体系结构、项目架构，参与运维体系建设、开发实现自动化构建系统；4、服务器、网络、系统基础知识扎实；5、 工作责任感强、具有良好的沟通能力、服务意识和团队协作精神，较强的学习能力，抗压能力。
4993424,马上消费金融股份有限公司,IT-高级业务运维工程师,本科,5-10年,12k-24k,"持牌机构,五险一金",Linux,"金融,移动互联网",不需要融资,2000人以上,"工作职责 1、负责网站应用的运维、管理、部署和架构规划;2、负责网站各类运维管理平台和运维工具的开发和维护工作，并不断优化工具效率;3、负责对生产服务质量进行监控、分析, 定位性能瓶径并提出合理化建议, 参与系统架构设计和性能调优;4、编写并持续完善系统运维手册、部署文档、性能参数说明;5、各类故障和事务的应急响应和技术支持。任职资格 1、学历要求:统招本科及以上学历，计算机以及相关专业，2、经验要求: 5年以上Linux/Unix系统管理经验，具有大型网站或web应用平台运维经验3、技能要求:（1）精通Linux系统原理，熟悉内核参数调优，精通基于Linux的常用服务配置，并能够快速部署、配置及排错； （2）熟悉Tcp/Udp 网络原理，深入理解Http 协议，负载均衡硬件、haproxy,LVS技术，了解Web 安全等网站技术（3）精通Shell/Perl/Python编程（至少一种），使用脚本来完成日常系统运维工作（4）熟悉服务器设备、网络设备、安全设备等的功能和性能，能熟练运用多种设备设计构建符合要求的网络系统架构（5）深入掌握nginx及tomcat等常见应用的配置及调优, 有3年以上较大规模复杂生产环境的运维经验，熟悉各类问题的辨别和处理技巧，并且能沟通和推动解决;4、通用要求：（1）较强的学习能力和技术钻研能力、有自我驱动意识（2）有良好的沟通能力，善于跨团队合作，能够承担一定的工作压力；（3）具备较强的交流、沟通和表达能力，具备很强的问题分析和解决能力, 有良好的工作流程和文档制定撰写习惯;"
5069857,广州佰聆信息科技有限公司,数据分析师（重庆）,本科,1-3年,6k-12k,"通讯补贴,餐饮补贴","数据处理,数据挖掘,MySQL",数据服务,未融资,150-500人,岗位职责：1、负责行业数据挖掘分析项目工作，配合项目经理完成项目需求分析；2、沟通客户实际分析需求，将客户需求准确转化为可执行的数学模型，针对不同的应用场景，负责编写数据挖掘算法及对其的优化；3、完成相关数据抽取、数据清洗、数据探索、数据建模分析，并对数据模型进行优化等工作；4、按要求完成数据分析报告、建模报告等；专业素质要求：1、统计学或数学相关专业；2、有扎实的编程基础，至少熟练使用SAS、R、Python等任意一种分析工具并有实际工程经验和能力；3、熟悉掌握各种模型算法，并能够将数据产品和业务需求等商业问题，转化为可操作的数据模型问题；4、具有良好的沟通及团队协作能力；5、具有很强的主动性及学习能力； 优先条件：1、有相关电网的数据分析挖掘经验优先；2、熟练使用Python优先。
5207872,深圳市科力锐科技有限公司,WEB前端工程师,大专,1-3年,6k-8k,"早晚餐,五险一金,年终奖,晋升空间大",前端开发,"移动互联网,数据服务",A轮,50-150人,岗位职责：负责互联网云服务的前端实现与优化岗位技能需求:1、具有至少2年的Web前端全职工作经验2、精通JavaScript、HTML、CSS，有良好的程序设计和架构能力3、熟悉Vue.js开发框架4、熟悉以下任一技术者优先：RESTful、Node.js、Python、SEO、UV设计、全栈
4504248,重庆康洲大数据有限公司,互联网运维工程师,大专,3-5年,6k-8k,周末双休,"Linux,数据库,信息安全","移动互联网,医疗健康",未融资,150-500人,岗位职责1、负责基于私有云平台的应用的部署与维护，为用户和业务提供稳定、高效、安全的服务； 2、运维自动化方案的设计与实施，提升公司工程实践维护效率，同时提升工程质量； 3、各类技术基础平台的构建，如监控、持续集成、日志分析等。任职要求1、3年以上运维与架构经验，具备体系化的运维理念与技术，有大中型集群系统的基础架构、性能优化、可用性保障、安全等经验。专科及以上学历； 2、熟悉掌握Bash脚本，熟悉Python，PHP，NodeJS，Go等一种或多种开发语言； 3、熟悉MySQL数据库的集群架构、中间件、索引原理与优化、分库等；4、熟悉elasticsearch搜索引擎环境配置；5、熟悉Memcache，Redis，MongoDB等一种或多种KV存储；6、熟练使用Linux系统，熟悉Linux底层原理，熟悉TCPIP、HTTP、DNS等协议与linux常见服务器配置，有良好的网络、数据传输、安全、计算机体系结构方面的知识；7、熟悉负载均衡、CDN、对象存储等原理与解决方案； 8、掌握Web系统环境（Nginx和Apache等）的配置和优化； 9、熟悉Puppet，Ansible等一种多种运维工具；10、熟悉Zabbix，nangios，pinpoint等一种或多种开源监控工具； 11、对Docker等容器技术有一定了解和使用；12、熟练应用Git。
5247855,重庆星翼智慧科技有限公司,测试工程师,本科,3-5年,4k-8k,发展空间大,"Android测试,Web测试,Windows测试,IOS测试","移动互联网,数据服务",未融资,50-150人,职位职责：  工作态度认真严谨，有较强的表达和沟通能力，善于思考，有相当的逻辑能力；负责产品测试工作，编写产品的可测性需求、测试计划、测试方案、设计测试；负责公司产品质量工作（WEB/ 服务端 / 移动端 / 硬件产品端）；软件Bug的报告与跟踪，并分析问题、定位问题；负责产品线的全流程测试工作，包括需求评审，技术评审等各类项目评审；有较好的文档撰写能力及技巧，有强烈的团队合作精神。 职位要求： 2年以上软件测试相关工作经验；负责接口自动化、UI自动化的脚本编写，持续集成；精通测试流程和测试用例设计方法（设计测试计划、测试方案、测试用例）；熟悉数据库基本操作，能够用SQL语句进行增/删/改/查等操作;熟悉接口测试及常用工具Appium、Postman、JMeter、LoadRunner、Fiddle；具有良好的沟通交流、团队合作、抗压能力，具备一定的逆向分析经验。 【加分项】有自动化测试经验，有智能硬件相关测试工作者优先；了解自动化编程语言Python者优先；熟悉使用Jenkins、Selenium 工具的使用；有培养以及带领新人或实习生经验者。  
5259622,重庆玖舆博泓科技有限公司,高级数据分析师,硕士,3-5年,10k-15k,"五险一金,团队旅游,节假日福利","商业,数据库","数据服务,其他",未融资,50-150人,职位描述：学历要求：硕士及以上学历（特别优先的可以放宽至本科）专业要求：统计学、数学、经济学、计算机等相关专业工作职责：1、可独立完成数据分析项目过程中的数据预处理、数据探索及数据分析挖掘建模；2、实施数据特征工程进行挖掘算法模型构建，可完成IT系统部署，并持续优化模型应用效果。知识技能：1、较使用SQL、HSQL进行数据统计和数据探索；2、熟练掌握数理统计理论及方法，可熟练应用数据挖掘及机器学习常用算法；3、熟练使用Mahout\Caffe\SPARK-MLlib\Python\R等一种机器学习工具及数据分析工具；3、有电信运营商、互联网行业数据分析/挖掘建模经验者优先。综合素质：1、3年以上数据分析、数据挖掘算法设计及开发工作经验；2、具备良好的客户需求理解能力，良好的沟通和表达能力。3、工作态度积极主动，热爱学习。4、具有良好的团队合作精神、团队协作能力。公司网址：www.9ebang.com
5212919,重庆腾汇科技有限公司,腾讯大渝网 前端工程师,本科,1-3年,8k-15k,"腾讯控股,发展空间大,福利待遇好,领导好",前端开发,移动互联网,不需要融资,50-150人,职责描述：1、参与项目前端开发工作；2、负责部分软件模块的分析、设计、开发；3、负责项目的单元测试工作；4、参与编写相关技术文档；任职要求：1、1-3年前端开发工作经验，熟悉页面架构与布局，具备一定的用户体验意识；2、熟练掌握前端开发技术(HTML、CSS、JS、Ajax、Json)，熟悉各项技术的相关标准；3、至少了解一个JS游戏引擎；4、精通javascript，熟悉Vue 框架开发使用流程，了解流行的 React、AngularJS 等JavaScript开发框架，并有过任意一种框架相关的项目经验；5、熟悉微信小程序开发，熟悉一种小程序开发框架者优先；6、精通W3C标准，可用性、易用性、浏览器兼容性，熟悉HTML5和CSS3，对新兴Web标准和Web发展趋势有良好洞察力和求知欲；7、对任意一门Web后台语言（如PHP、JAVA、C、Python ）有一定的了解优先；
5343014,西藏绿盾征信有限公司,爬虫工程师,本科,1-3年,8k-12k,创业公司 技术大拿,"数据挖掘,数据分析",企业服务,不需要融资,50-150人,岗位职责：1、针对复杂的网站架构主动获取相关数据信息；2、负责数据获取、清洗和分析工作。任职要求：1、计算机科学、信息系统、数据科学或相关专业本科或以上学历；2、熟悉Java/Python等语言及相关算法和数据结构；3、熟练Linux操作，熟练掌握HTTP协议，了解大型爬虫框架等；4、熟悉MySQL等关系型数据库，有NoSQL，Redis等工作经验者优先；5、对计算机体系结构、分布式系统、协程和网络编程有深入了解；6、具备敏捷开发经验，熟练使用SVN和Maven。
5343499,德勤华庆商务服务有限公司,安全工程师,本科,3-5年,13k-25k,六险一金 平台好 福利多 弹性工作制,"技术管理,安全专家,决策能力","企业服务,数据服务",不需要融资,2000人以上,"岗位职责：1、参与产品安全开发架构设计，以及整体安全开发流程建设，引导开发人员修复安全问题;2、针对Web应用的开发需求进行安全评审工作；3、构建网络防御体系，入侵检测，内外网安全架构；4、跟进新漏洞的研究工作，理解漏洞原理，编制漏洞研究报告和利用工具并跟踪与推进漏洞修复；5、负责日常系统安全维护及安全监控,保证系统安全稳定运行；6、应急响应，参与安全事件的分析及溯源，排查相关问题；7、定期组织开展代码开发安全培训，为研发人员进行Web应用开发安全培训工作； 任职要求：1、本科及以上学历，计算机相关专业，web安全方向3年及以上工作经验；2、精通常见Web攻击和防御方法；3、熟悉企业级防火墙，F5，核心路由等的安全配置和调优   4、熟悉常见的安全漏洞（OWASPTOP 10）等分析与防范方法5、熟悉php/java/python/c/c++等至少其中一种开发语言,并能在必要时编写相应的脚本工具；  5、对安全技术有浓厚的兴趣，具备优秀的安全意识及风控意识   6、具备良好的团队协作能力，学习主动解决问题能力及具备正向价值观，善于沟通、乐于分享   7、有相关安全产品开发及github开源安全产品开发经验者优先8、有CSA云安全认证,CISA,CISSP,Security+等信息安全认证及互联网公司安全从业经历者优先。 加分项：熟悉敏感数据的发现和脱敏熟悉扫描技术，包括端口扫描，漏洞扫描，弱口令扫描熟悉Linux 的安全配置和调优熟悉tcp/ip 协议，网络知识，对网络流量分析熟练使用常用的渗透工具（Nmap/sqlmap/Nessus/AWVS/AppScan...）"
4177798,重庆市礼仪之邦电子商务有限公司,PHP工程师,本科,3-5年,8k-12k,"周末双休,绩效奖金,弹性工作,入职五险","后端,Yii,MySQL","电子商务,O2O",不需要融资,150-500人,职责描述：1、负责网站技术评测、bug处理、代码开发；2、按时按质完成公司下达的开发、评测等工作任务；3、负责编写程序开发文档。任职要求：1、良好的代码习惯，要求结构清晰、命名规范、逻辑性强、代码冗余率低；2、能熟练使用Git或者SVN管理项目源代码；3、精通HTML、CSS、JS等基本技能，能够完成绝大部分前端需求；4、熟练掌握MySQL数据库的增删改查等常用操作；5、熟悉shell、或者python命令，可以编写常用脚本；5、常用的Nginx优化、MySQL优化，熟悉Memcache、Redis中的一种；6、分析网站性能，能够提出有效的优化方案；7、熟悉多重缓存实现机制和策略；8、有Restful API 设计、开发、测试、文档编写经验优先。
5282522,重庆市中迪医疗信息科技股份有限公司,大数据挖掘工程师,硕士,1-3年,10k-20k,机遇、挑战性、广人脉,"Spark,数据分析,数据处理",医疗健康,上市公司,150-500人,岗位职责：1. 负责公司与医疗相关业务的数据分析、挖掘，根据海量医疗数据进行建模；2. 根据实际需求提出问题，设计和评估数据挖掘方案。任职资格：1. 熟悉大数据编程技术Hadoop、Pig/Hive、Spark等，能够使用Python者优先；2. 熟练掌握计算机算法的应用和调优(GBDT/SVM/随机森林等等)；3. 至少熟练掌握一门编程语言（Java、Python、shell），对数据结构和算法设计有较为深刻的理解；4. 熟悉数据库、数据仓库，有海量数据处理经验；5. 具有医疗卫生、机器学习和数据挖掘领域的理论背景和实践经验者优先；6. 具有较强的发现问题、分析问题和解决问题的能力，有良好的文档编写能力；7. 研究生及以上学历，至少2年以上工作经验，对商业数据挖掘技术、医疗领域有浓厚的兴趣。
4527607,重庆市零壹通路信息技术有限责任公司,以太坊 相关开发,不限,1-3年,20k-40k,"弹性高,成长快","GO,Golang,区块链","移动互联网,金融",天使轮,少于15人,1、 英语优秀，能快速阅读英文论文及相关资料，学习能力强。2、 精通C/C++、Go，Python中的一种及以上开发语言；3、 精通Linux，Linux 是常用工作环境优先；4、 熟悉Ethereum、Bitcoin等相关区块链开源项目，有研究和贡献经验者优先；5、 必须具备两年以上工作经验
5332239,重庆龙易购电子商务有限公司,爬虫工程师（可兼职）,大专,1-3年,8k-12k,晋升空间 五险 双休,"后端,Python,解决方案","移动互联网,电子商务",未融资,50-150人,(1)参与或负责分布式爬虫系统的架构设计与开发；(2)负责指定网站页面的抓取和提取处理；(3)设计爬虫策略及反爬规则，提升抓取效率和稳定性；(4)研究相关信息来源主要网站及App的反爬机制；(5)持续优化分布式爬虫系统，提高系统的稳定性及性能。任职要求(1)本科以上学历，计算机相关专业；(2)熟练掌握Python/Java/.NET/开发，扎实的编程功底，熟悉常用的数据结构和算法；(3)熟悉任意一种开源爬虫框架，如scrapy、pyspider，熟练掌握多线程、协程开发；(4)熟悉常见反爬机制，并能制订相应反爬策略；(5)有验证码识别技术者优先；(6)3年及以上爬虫相关工作经验。
5162460,重庆邂智科技有限公司,实习后端工程师,本科,应届毕业生,2k-3k,"午餐补助,误餐补贴,生日福利,团队聚餐","Golang,Python",移动互联网,A轮,15-50人,
5260710,苏州市益支点公益发展服务中心,大数据工程师,本科,不限,12k-23k,六险一金、培训、周末双休、免费体检,Hadoop,其他,未融资,15-50人,工作职责：1、基于hadoop/spark/mppdb的大数据、数仓平台架构设计及开发工作2、数据处理流程设计及开发3、海量数据的采集、存储、管理、分析、建模4、负责大数据、数仓平台的监控及优化，针对持续增长的数据提供相应的解决方案5、负责大数据、数仓项目的疑难问题解决，性能优化任职要求：1、有3年以上相关岗位工作经历，或者非金融业的数据服务或信息数据管理工作经验2、数学、计算机技术等相关专业3、精通大数据（MPPDB、Hadoop）等相关技术，并精通Hbase/Hive/MR/Spark/Solr/storm/flink其中的任意3个组件技术。4、至少精通主流数据库技术Oracle/PostreSql/MySQL/SQL server中的一种，精通数据仓库理论架构，包括但不限于数据调度、ETL、元数据管理、数据监控；5、精通1-2门开发语言（JAVA/Python/Scala/Shell）6、具有比较突出的组织、策划、协调及沟通能力，有强烈的结果导向和客户导向。
4967035,马上消费金融股份有限公司,IT-MySQL DBA(运维开发方向)-CQ,本科,3-5年,12k-24k,"持牌机构,五险一金,餐费补助",,"金融,移动互联网",不需要融资,2000人以上,"工作职责 1、MySQL数据库系统的规划、设计、管理、迁移;2、向开发人员提供技术支持，优化SQL语句，部署测试环境;3、负责数据库的日常管理：包括数据库的备份恢复、性能优化、日志分析、数据迁移、解决突发和疑难问题;4、依据业务需求优化数据存储结构，负责系统数据库定期检查以及性能分析与调优；5、完成数据库运维自动化平台建设。 任职资格 1、学历要求:统招本科及以上学历，计算机以及相关专业，2、经验要求: 3年以上DBA运维相关工作经验3、技能要求:（1）熟悉mysql数据库的运行机制,精通数据库的日常管理，经验丰富者优先； （2）熟悉mysql/redis/mongodb性能优化，故障处理，精通日常备份恢复操作和原理（3）熟悉高可用技术架构的管理和故障处理等 （4）能够设计升级和迁移方案，并进行实施，精通python/perl/shell 一种或几种（5）有自动化经验和有大规模高并发运维经验优先4、通用要求：（1）具有良好的团队协作精神，善于与人沟通，能够承担一定的工作压力；（2）具有较强的技术文档整理、分析、撰写能力。"
4989141,重庆替比网络科技有限公司,测试工程师,大专,1-3年,4k-8k,"五险一金,周末双休,各种补助,扁平管理","自动化,Web测试,Android测试,IOS测试",教育,未融资,15-50人,
5142849,重庆格泰尚恒网络科技有限公司,爬虫工程师,大专,1-3年,10k-16k,"待遇好,住宿",数据库开发,移动互联网,不需要融资,15-50人,"1. 具备面向对象的设计思路和经验，熟悉软件开发流程、体系结构，具备较好的文档能力及良好的编码风格；2. 具备良好的表达和沟通能力，能充分理解用户需求和功能描述，设计并开发软件系统；3、熟悉SOA、Messaging,socket、线程、并发等开发知识，有后台框架开发经验者优先4、熟悉应用服务器, 熟悉Tomcat、Netty、Apache的配置及其优化5. 熟悉数据库知识，具有数据库设计能力，熟悉SQL Server/Oracle/MySql相关技术及工具6. 熟悉HTTP传输协议，精通网页抓取原理及技术，能模拟浏览器操作爬虫；岗位要求：1、有扎实的计算机基础、熟悉常用数据结构2、至少熟练掌握golang/Java／Python其中一种语言，良好的编码风格及编码能力；3、熟悉高并发、高性能的分布式系统的设计及应用，熟悉常用数据存储，各种数据处理技术优先；4、有2年以上编程开发经验，有丰富的爬虫和反爬虫经验者优先。"
3615931,重庆智慧思特大数据有限公司,数据挖掘工程师,本科,3-5年,8k-16k,弹性工作制；带薪年假；五险一金；工作餐,,数据服务,不需要融资,50-150人,岗位职责：1.负责工业环保领域的业务数据建模与分析；2.熟练对数据做预处理（包括数据的清洗、集成、变换等）ETL；3.运用机器学习相关技术，对海量数据进行处理和分析，挖掘相关信息，建立模型，分析关键因素，并给出结论与建议；4.配合其他部门做相关的项目。任职要求：1.本科及以上学历，统计学，计算机等相关专业，或者能力突出者工科类毕业生；2.能熟练运用各种统计方法对工业环保数据进行统计分析；3.熟悉python和数据库，了解R语言；4.有统计相关经验、数据分析和海量数据挖掘经验者优先；5.理解数据挖掘常用十大算法，（如聚类、决策树、随机森林、神经网络等），有实际项目经验。6.大数据工业数据，环保背景优先。
4932390,重庆易宠科技有限公司,测试工程师,本科,3-5年,5k-10k,"双休,五险一金,年终奖,出国旅游","功能测试,app测试",电子商务,B轮,500-2000人,岗位描述：1、参与APP产品的测试工作，包括产品功能测试、性能测试等；2、参与产品需求评审，保证产品的可测试性；3、根据项目需求和计划，能够设计和编写测试用例，进度把控、测试数据分析及风险评估、测试报告整理及提交；4、随时与项目研发人员保持良好的沟通，以保证整个项目的顺利进行。任职要求：1、本科及以上学历，计算机或相关专业，3年以上的测试工作经验（1年编程工作经验，有接口测试或APP测试工作经验优先）；2、熟悉软件测试理论和方法，熟悉互联网行业测试环境及相关技术；3、熟悉PYTHON或Java语言，熟练使用RobotFramework框架者优先；4、对软件测试有浓厚的兴趣和丰富的经验，有很强的分析能力和定位问题的能力；5、对产品的需求、设计问题敏感，有较强的敏锐度，善于提出设计中的问题，便提出改进建议；6、态度端正、服从工作安排、质量意识强、严谨心细、责任心强。
5242359,重庆花儿投资管理有限公司,爬虫工程师,本科,3-5年,15k-20k,"周末双休,年底双薪,年终分红,优质团队","数据挖掘,数据架构,Java,SQLServer",企业服务,未融资,150-500人,"岗位职责:1、负责研究网站特质，数据要素分析、提取、整合，网页信息抓取、解析、数据清洗等研发和优化工作；2、参与爬虫相关数据存储机制设计，参与设计数据有效利用策略，从数据合理性、完整性角度提供建议3. 参与爬虫核心算法的策略优化研究，提升抓取的效率和质量。4、维护现有网络爬虫系统，完成数据采集与爬取、解析处理、入库等数据日常工作，根进技术热点，及时更新新的爬虫功能；5、负责性能优化、处理能力和效率提高；负责与大数据工程师、数据挖掘、分析人员、运营及产品等协同工作，完成数据统计、查询和分析；6、负责设计公司网络爬虫的功能开发及优化；7、负责爬虫核心技术研究、开发工作，对反爬虫屏蔽具有相应的应对策略。任职资格:1、具有3年以上爬虫开发经验者，精通python，有多线程经验优先；2、熟悉linux平台、shell编程,熟悉常用的爬虫框架如scrapy；3、对数据结构和算法设计有较为深刻的理解，具有良好的沟通能力和团队合作意识;4、熟悉正则表达式，Jsoup、XPATH，CSS选择器，能够从结构化和非机构化的数据中获取信息,了解各种Web前端技术，包括HTML／XML／JavaScript／AJAX／JSON等;5、实现大规模文本、图像、视频数据的抓取工作，掌握简单的验证码识别技术、AJAX网页采集技术 以及爬虫高并发技术，流式处理经验者优先；6、熟练使用Mysql、Mongodb等SQL、NoSQL数据库，精通数据结构和算法设计，有分布式编程经验者优先；7、对主流爬虫架构有深入研究，具有成熟爬虫工具的设计及运维经验；8、具备信息检索、web挖掘等搜索引擎相关知识，有从事网络爬虫、网页去重、网页信息抓取、网页分类中任一种程序开发经验。"
5075056,民信链（重庆）区块链科技有限公司,高级数据挖掘分析工程师&nbsp;,本科,3-5年,15k-25k,"双休,各种福利,扁平化,技术大牛",数据分析,"信息安全,数据服务",天使轮,15-50人,岗位职责   1.负责大数据的采集及分析、挖掘和建模工作，并形成数据报表和分析报告，为运营决策、产品迭代、营销活动提供数据支持；2.负责数据建模工作，完成数据抽取、数据清洗、数据探索和数据建模工作；3.协助业务运营和活动策划，跟踪数据分析和应用效果，实现迭代优化；4.能根据业务场景设计数据分析模型，评估数据分析项目的方法和解决方案；5.能够设计精美的数据可视化图表用以呈现复杂的分析结果，利用数据透视表或其他相关工具呈现。        任职条件1.有产品数据分析经验设经验者优先；2.熟悉数据建模分析、机器学习、数据可视化或大数据平台者优先；3.优秀的业务理解能力与沟通能力，能跨部门合作沟通，对数据敏感；4.学习与解决问题能力强，积极乐观、主动踏实，责任心强。5.精通SQL，熟悉Python或Scalar语言，能独立提取分析所需数据；6.熟悉Java，对数据结构和算法设计有较为深刻的理解。
4651711,重庆回形针信息技术有限公司,Java 高级工程师,本科,3-5年,10k-15k,"办公环境,弹性工作,团队和谐","J2EE,Hadoop","移动互联网,电子商务",未融资,15-50人,"岗位职责： 1、根据产品需求负责完成业务代码设计开发；2、核心应用系统开发与实现；3、按照设计方案按时、独立、高质量完成交付；4、能快速分析解决复杂的技术问题。5、帮助团队其他成员解决技术问题； 能力需求1、本科及以上学历，设计相关专业，3年以上相关工作经验，以上使用Java语言进行web开发的经验；2. 至少具备Struts、Spring、Hibernate、Ibatis，JPA 中的两种开发经验，熟悉MVC 编程模式；3. 熟悉shiro,spring security,jwt授权体系4. 熟悉常用数据库，有基于Oracle、Mysql之一的设计和开发；5. 熟悉redis,memcached等缓存技术6、熟悉linux系统，掌握一门常用脚本语言(如shell,perl,python等)；7、熟悉html，css，javascript、ajax，jquery等前端技术8、熟悉react ,vue等框架优先"
5046734,重庆玖舆博泓科技有限公司,数据分析师,本科,3-5年,10k-15k,"周末双休,五险一金,节日福利,体育活动","SQL,数据库,商业","数据服务,其他",未融资,50-150人,学历要求：本科及以上学历专业要求：统计学、数学、经济学、计算机等相关专业工作职责：1、熟悉数据库基本操作，为业务运营提供数据支持，协助形成业务运营分析报告，确保准确性、实用性及可衡量性。2、可独立完成数据分析项目过程中的数据需求编写、数据探索分析和分析结果可视化展示工作，编写数据分析报告3、实施数据特征工程进行挖掘模型构建，完成IT系统部署，并持续优化应用效果。知识技能：1、熟练使用SQL、HSQL进行数据统计和探索。2、掌握数据分析基本理论方法，熟悉数据挖掘常用算法，至少熟练使用SPSS、Python、R等一种数据挖掘方法。3、有电信运营商、互联网行业数据分析/挖掘建模经验者优先。4、对用户行为研究有深入了解，咨询行业背景优先。综合素质：1、3年以上工作经验，具备良好的客户需求理解能力，良好的沟通和表达能力。2、工作态度积极主动，热爱学习。3、具有良好的团队合作精神、团队协作能力。公司网址：www.9ebang.com
5296980,重庆甜瓜科技有限公司,爬虫工程师,本科,1-3年,5k-10k,五险一金 弹性工作 节日福利,"数据挖掘,数据分析","移动互联网,O2O",天使轮,少于15人,1. 参与爬虫系统/解析系统架构设计、数据库设2. 负责数据提取、清洗、结构化、入库、统计分析等3. 参与设计策略，提升网页抓取的效率和质量4. 对互联网海量业务数据进行整合、分析岗位要求：1. 1年及以上 Python 爬虫经验，良好的编码风格及编码能力2. 熟悉 Linux 系统，熟悉 Internet 基本协议3. 熟练使用爬虫相关技术，如scrapy、beautifulsoup、正则表达式、XPath、CSS 选择器等，能够从结构化的和非结构化的数据中提取信息4. 熟悉mysql数据库，SQL语言5.有app爬虫、反爬机制研发经验优先
4686003,重庆商社电子商务有限公司,大数据分析,大专,3-5年,8k-16k,"五险一金,上市国企,周末双休,节日福利",数据挖掘,电子商务,未融资,50-150人,岗位职责：1、负责零售行业客群及销售大数据分析需求的收集与汇报；2、负责远程监控及远程诊断功能开发的技术支持；3、熟悉Hadoop; 熟悉常用推荐算法、机器学习、数据挖掘领域的热点和前沿技术4、独立研究数据挖掘模型，参与数据挖掘模型的构建、维护和评估工作。任职资格：1、对Hadoop的大数据体系有深入认识，对Hadoop、Hive、Impala、HBase、Spark、ES等有实际应用研发经验，对大数据的某一技术领域有深入了解；2、很强的学习、分析和解决问题能力，良好的团队意识和协作精神，有较强的内外沟通能力；3、对数据有足够的敏感度，具备必要的产品管理意识与产品设计能力，对互联网用户端产品有良好的感觉；4、精通Java，有良好的面向对象思想，熟悉Python/R编程等语言优先；5.有大数据项目、数据仓库、数据分析及数据挖掘等经验者优先。
5201331,马上消费金融股份有限公司,IT-业务运维工程师（呼叫中心方向）,本科,3-5年,10k-20k,"持牌机构,五险一金,餐费补助",Linux,"金融,移动互联网",不需要融资,2000人以上,"工作职责 1、参与呼叫中心日常的技术支持工作；2、跟进公司业务流程，参与提供与业务紧密结合的呼叫中心解决方案；3、负责与呼叫中心平台技术团队的技术对接和日常管理工作；4、负责呼叫中心软硬件日常监测、巡检、维护等工作；5、负责呼叫中心数据安全、备份、还原等工作；6、参与呼叫中心新项目的计划、跟进、和实施工作；7、支持应用系统开发团队的技术问题解决；8、向呼叫中心团队以及其他IT部门或者业务支持提供必要的技术培训和知识分享。任职资格 1、学历要求:统招本科及以上学历，计算机以及相关专业；2、经验要求: 3年以上呼叫中心语音平台厂商工程师相关工作经验；3、技能要求:（1）基于呼叫中心系统的安装部署，包括多种软件的安装配置：linux、tomcat、apache、nginx、mysql、freeswitch等；（2）熟悉数据库（oracle，mysql等）、熟悉Freeswitch 开源语音通信平台、熟悉VMware虚拟化技术，IT基础软硬件架构优先；（3）熟悉shell、python、perl等一种脚本语言以上；（4）熟悉docker和docker集群，基于docker容器集群进行持续集成和自动部署；（5）在日常维护中，负责与业务方对口人员进行沟通进行相应的技术支持工作；（6）熟悉AVAYA呼叫中心平台，有AVAYA认证及AVAYA平台建设经验优先；（7）掌握熟悉H323、SIP协议，熟悉网络相关知识，熟悉TCP/IP协议优先；4、通用要求：（1）较强的学习能力和技术钻研能力、有自我驱动意识；（2）有良好的沟通能力，善于跨团队合作，能够承担一定的工作压力；（3）具备较强的交流、沟通和表达能力，具备很强的问题分析和解决能力, 有良好的工作流程和文档制定撰写习惯。"
4983153,马上消费金融股份有限公司,反欺诈策略分析师,硕士,1-3年,8k-16k,"发展空间大,带薪年假,弹性工作",风控,"金融,移动互联网",不需要融资,2000人以上," 岗位职责：1.交易侦测数据库宽表开发及维护 2.交易侦测报表开发 3.行为数据采集及需求跟进 4.交易侦测规则监控及流程监控5.交易反欺诈规则测试及开发6.交易反欺诈策略流程及需求跟进 任职资格：1.学历：全日制研究生以上文凭2.专业：经济学类、计算机类专业 3.专业技能：熟练使用SQL,R,Python4.工作能力：优秀的表达、沟通、学习与协调能力，抗压能力强5.语言能力：英语水平四级6.工作经验：2年及以上规则分析或模型分析经验"
4101147,重庆易宠科技有限公司,机器学习工程师（AI）,本科,不限,20k-40k,"周末双休,五险一金,平台广,前景好",数据挖掘,电子商务,B轮,500-2000人,"岗位职责：1、结合大数据/机器学习等技术，深入挖掘和分析海量商业数据 2、分析业务模型与应用场景，参与数据清洗和过滤、特征抽取、参数选择、算法实验、效果分析3、根据业务需求，从机器学习角度给出有效的优化解决方案；4、从事公司用户画像与商品推荐系统算法的研发工作5、借鉴业界相关开源技术，不断改进技术体系，驱动业务发展任职要求1、熟悉主流的机器学习，数据挖掘基本算法和数据模型，有大量数据搜集、整理分析的经验；2、具备大型互联网电商企业的用户画像/商品推荐/搜索系统经验3、在特征工程、模型评估、模型上线等方面具备充分的实践经验4、具有扎实的统计学、数据挖掘相关知识，熟悉数据仓库和数据挖掘的相关技术；5、精通Python/Java/R等至少一门语言；6、学习能力强，对商业和业务逻辑敏感；7、对海量数据挖掘分析有浓厚兴趣，了解Hadoop及Spark生态圈相关技术,具备分布式机器学习相关经验。加分项:具备深厚数据建模（机器学习，数据挖掘）和分析理论知识和经验，推动SVM、LR、GBDT、CNN与RNN等相关机器学习算法的前瞻性研究和应用"
5216104,马上消费金融股份有限公司,算法工程师（2019校招-重庆）,硕士,应届毕业生,10k-15k,"持牌机构,五险一金,餐费补助,节日福利",人工智能,"金融,移动互联网",不需要融资,2000人以上,"任职资格：1.熟悉中文分词标注、文本分类、语言模型、知识库挖掘、问答系统设计等NLP相关算法；2.有文本挖掘相关经验，熟练掌握python,java等编程语言，有linux环境开发经验；3.具备独立分析和解决问题的能力；积极主动、认真踏实的工作态度。公司简介：马上消费金融股份有限公司是一家经中国银保监会批准，持有消费金融牌照的科技驱动的金融机构。马上消费金融于2015年6月正式开业，引入了重庆百货、重庆银行等国有股东，以及物美集团、阳光保险、浙江小商品城等社会化股东，形成极具活力的多元化混合所有制股东结构。公司于2016、2017、2018年分别完成三次增资扩股，注册资本金达40亿元，成为注册资本金第一大的内资消费金融公司。2018年—获准设立博士后研究工作站，开展博士后工作。2018年—累计新增贷款额突破1000亿，注册用户突破3000万。2017年—最高单日放款金额突破5亿，资金合作机构200家，业务合作渠道100家。2017年—荣获中国金融博物馆组织的第六届中国金融科技创新英雄榜季度新秀。2016年—马上消费金融领衔持牌机构上榜毕马威“中国金融科技50强”宣讲安排：北京大学 2018年11月5日 19:00南开大学  2018年10月29日 19:00 大通学生中心F203电子科技大学 2018年10月25日 14:00 品学楼 B-108西南财经大学 2018年11月2日 14:00 颐德楼H208重庆邮电大学 2018年10月31日 14:30 2217教室重庆大学 2018年11月6日 14:30 A区主教330教室招聘流程：简历投递（官网）—参加宣讲现场笔试—人才测评—现场面试—offer录用薪酬福利：极具市场竞争力的薪酬：基本工资+绩效工资+年度奖金+特殊激励；五险一金、餐饮补贴、交通报销、结婚/生育喜事贺礼、年度员工体检应有尽有；节日礼金、生日礼品、部门团建party、工会/党支部、运动协会让你的生活多姿多彩。"
4492343,重庆回形针信息技术有限公司,测试工程师,大专,1-3年,3k-6k,团队和谐,"脚本,自动化","移动互联网,电子商务",未融资,15-50人,"1、接受测试任务，进行需求分析；2、按照测试计划搭建测试环境，并保证测试环境的可靠性；3、按照测试计划编写测试用例，保证测试用例合理有效；4、按照测试用例执行测试，及时发现缺陷，并使用工具进行管理缺陷；5、编写和提交测试报告，保证测试进度按计划完成；6、负责组织搭建，管理和维护部门的测试环境（测试环境管理和维护方向适用）；7、参与自动化测试框架设计，各产品自动化测试的设计、实现与维护10、负责组织对产品进行压力测试 能力要求：1、专科及以上学历，2-3年以上相关工作经验；2、熟悉unix/Linux, Oracle, Mysql 相关技能； 3、至少有java或者Python1-2年的 coding经验； 4、具备app测试经验；5、熟悉性能测试工具比如LoadRunner、JMeter，有搭建性能测试自动化平台经验者优先考虑；6、能在压力下工作，接受挑战，乐意学习，积极为团队做出贡献，具有良好的团队合作精神和沟通 技能；"
4715958,特斯联（北京）科技有限公司,软件工程师-Web前端,本科,5-10年,10k-20k,大平台,,"移动互联网,硬件",B轮,150-500人,"职位职责：  1、负责公司WEB、H5相关产品的分析设计、开发实现和持续改善；2、参与产品分析和规划，完善和优化开发过程；3、研究和实践相关技术及实现原理；4、通过各种前端技术手段，提高用户体验并满足性能要求；5、能充分理解项目需求和设计需求，具有一定研发精神，能解决各种未知问题。     职位要求：  1、2年以上前端开发经验(硬性)； 2、精通HTML、CSS、JavaScript、Ajax、jQuery等，熟悉HTML5，CSS3，及常见Mobile WEB方案或框架, 对BootStrap, D3等有深入了解（加分项）； 3、熟练混合APP开发； 4、掌握面向对象编程思想，熟练使用JavaScript前端框架（jquery、AngularJs、react、reactNative、vue等）开发技术，能够对JS进行模块化开发； 5、对有Vue、React Native、nodejs开发经验者优先；6、熟悉主流浏览器的兼容性调试，熟悉W3C标准，对表现与动态数据分离有较好的认识；7、熟悉Java,Python等语言或有Web后端开发经验者优先。"
5332533,中冶赛迪重庆信息技术有限公司,自然语言处理算法工程师,硕士,1-3年,10k-20k,世界500强央企 大平台,,移动互联网,不需要融资,150-500人,工作职责：1、负责使用NLP相关算法满足业务需求，包括且不限于文本分类、命名实体识别、语义情感分析等;2、负责知识图谱构建的工作，从文本数据中构建业务领域的知识图谱；3、负责使用NLP算法支持公司多项产品的个性化推荐需求；任职资格：1、 具有扎实的算法基础，熟悉常见算法原理和机器学习基本理论。 2、 熟悉NLP相关算法，在其中至少一个方向上有较深入的研究 3、具有NLP算法模块在产品中的上线经验，熟悉NLP工程化应用。4、具有良好的编程经验，熟悉掌握python、C/C++。
3120121,重庆誉存大数据科技有限公司,网络爬虫工程师,本科,1-3年,6k-12k,"网络爬虫,数据采集,大数据","数据挖掘,数据分析",金融,A轮,50-150人,岗位职责：参与建设分布式网络数据采集平台。1、  数据的采集和分发；2、  数据清洗；3、  平台建设；4、  其他交办的事务。 任职资格：1、精通Python语言，1年以上编写网络爬虫经验；2、有良好的编程习惯和算法基础；3、了解各种Web前端技术，包括XHTML/XML/CSS/JavaScript/AJAX等；4、熟悉正则表达式和XPATH，能够从结构化或非结构化数据中获取信息；5、精通MySQL或PostgreSQL；6、熟悉Redis或MongoDB；7、了解Linux、服务端的使用；8、了解go语言优先；9、工作认真责任心强，良好的沟通和团队协作能力；10、有大数据相关工作经验优先。
5345410,中冶赛迪重庆信息技术有限公司,运维工程师,本科,不限,5k-7k,世界500强央企 大平台,,移动互联网,不需要融资,150-500人,岗位职责1、参与设计、审核、优化IT系统体系架构；2、负责网络以及服务器和存储的设置、维护和优化；3、负责相关故障、疑难问题的排查处理；3、负责日常系统维护和监控，提供IT软硬件方面的服务和支持，保证系统的稳定。任职要求1、 计算机相关专业背景，本科以上学历，熟练掌握Windows/Linux操作系统的安装和维护；2、 了解网络、云计算、容器方面的知识;3、良好的沟通能力和协调能力，较强的服务意识；4、本岗位有人带，但是要有非常强的责任心和自主学习的意识。有非常好的独立解决问题的能力。5、拥有Python开发经验者优先，有自动化运维经验者优先。网站上显示薪酬仅供参考
4253455,中冶赛迪重庆信息技术有限公司,中高级爬虫工程师,本科,3-5年,12k-24k,"五险一金,带薪休假","MySQL,Redis",移动互联网,不需要融资,150-500人,
